Strain,Genus,Species,taxid,Assembly,WGS_project,GenBank_accession,RefSeq_accession,GenBank_RefSeq_identical,RefSeq_excluded,GenBank_genome,RefSeq_genome,bioproject,biosample,assembly_level,genome_rep,database,refseq_category,version_status,release_type,seq_rel_date,submitter,assembly_method,genome_coverage,sequencing_technology,mol_type,loctype,isolation_source,host,culture_collection,type_material,country,collection_date,collected_by,isolate,environmental_sample,lat_lon,metagenome_source,note,genome_size_mbp,n50_mbp,n_seqs,n_nnn,rel_nnn,genome_entropy,n_gc,rel_gc,total_length,ungapped_length,total_gap_length,spanned_gaps,unspanned_gaps,contig_N50,contig_L50,scaffold_N50,scaffold_L50,in_phylogeny
409-05,Gardnerella,vaginalis,553190,ASM2520v1,NA,GCA_000025205.1,GCF_000025205.1,yes,NA,CP001849.1,NC_013721.1,PRJNA31001,SAMN02299422,Complete Genome,Full,genbank,na,latest,Major,2010-01-07,J. Craig Venter Institute,NA,34x,454,genomic DNA,NA,NA,NA,NA,NA,NA,NA,NA,NA,NA,NA,NA,This is a reference genome for the Human Microbiome Project. This project is co-owned with the Human Microbiome Project DAC,1.617545,1.617545e-6,1,0,0,1.9815172769893836,112044,0.06926793381327877,1617545,1617545,0,0,0,NA,NA,NA,NA,TRUE
ATCC_14019,Gardnerella,vaginalis,525284,ASM15915v2,NA,GCA_000159155.2,GCF_000159155.2,yes,NA,CP002104.1,NC_014644.1,PRJNA31473,SAMN00001462,Complete Genome,Full,genbank,na,latest,Major,2010-11-03,Baylor College of Medicine,Newbler Assembler v. 2.0.1.06302009,70x,454,genomic DNA,NA,"Urogenital tract, vaginal",NA,ATCC:14019,NA,NA,NA,NA,NA,NA,NA,NA,This is a reference genome for the Human Microbiome Project,1.66735,1.66735e-6,1,0,0,1.9783521542596443,110180,0.06608090682820043,1667350,1667350,0,0,0,NA,NA,NA,NA,TRUE
101,Gardnerella,vaginalis,904144,ASM16561v2,AEJD01,GCA_000165615.2,GCF_000165615.1,yes,NA,NA,NA,PRJNA53359,SAMN02472073,Contig,Full,genbank,na,latest,Major,2010-10-25,Virginia Commonwealth University,Newbler v. 2.0.01.14,143x,454,genomic DNA,normal,NA,NA,NA,NA,NA,NA,NA,NA,NA,NA,NA,NA,1.527495,8.015139999999999e-7,43,6,3.927999764320014e-6,1.9710692352561874,114802,0.07515703815724438,1527495,1527495,0,0,0,801514,1,NA,NA,TRUE
41V,Gardnerella,vaginalis,907262,ASM16563v2,AEJE01,GCA_000165635.2,GCF_000165635.1,yes,NA,NA,NA,PRJNA53893,SAMN02472074,Contig,Full,genbank,na,latest,Major,2010-10-25,Virginia Commonwealth University,Newbler v. 2.0.01.14,40x,454,genomic DNA,normal,NA,NA,NA,NA,NA,NA,NA,NA,NA,NA,NA,NA,1.65937,5.4861e-8,76,0,0,1.9682708742288693,109625,0.06606422919541753,1659370,1659370,0,0,0,54861,11,NA,NA,TRUE
AMD,Gardnerella,vaginalis,682147,ASM17647v1,ADAM01,GCA_000176475.1,GCF_000176475.1,yes,NA,NA,NA,PRJNA40893,SAMN02472072,Contig,Full,genbank,na,latest,Major,2010-05-26,"Center for the Study of Biological Complexity, Virginia Commonwealth University",Newbler v. 2.0.01.14,130x,454,genomic DNA,normal,vagina of woman with bacterialvaginosis,Homo sapiens,NA,NA,NA,NA,NA,NA,NA,NA,NA,NA,1.606758,2.6585999999999997e-7,117,31,1.9293509041187284e-5,1.9503093623508903,111549,0.06942489161404518,1606758,1606758,0,0,0,265860,2,NA,NA,TRUE
5-1,Gardnerella,vaginalis,682148,ASM17649v1,ADAN01,GCA_000176495.1,GCF_000176495.1,yes,NA,NA,NA,PRJNA40895,SAMN02472071,Contig,Full,genbank,na,latest,Major,2010-06-04,"Center for the Study of Biological Complexity, Virginia Commonwealth University",Newbler v. 2.0.01.14,175x,454,genomic DNA,normal,healthy vagina,Homo sapiens,NA,NA,NA,NA,NA,NA,NA,NA,NA,NA,1.672842,5.8755e-7,94,1,5.977850866967711e-7,1.963087916685672,114637,0.06852828898365775,1672842,1672842,0,0,0,587550,2,NA,NA,TRUE
ATCC_14018,Gardnerella,vaginalis,585528,ASM17835v1,ADNB01,GCA_000178355.1,GCF_000178355.1,yes,NA,NA,NA,PRJNA46675,SAMN02471014,Scaffold,Full,genbank,na,latest,Major,2010-04-07,Stanford Genome Technology Center,phrap v. 0.990319,5x,ABI,genomic DNA,normal,NA,NA,ATCC:14018,type strain of Gardnerella vaginalis,NA,NA,NA,NA,NA,NA,NA,NA,1.604161,1.9744e-8,145,457,2.848841232270327e-4,1.9714881657122532,105619,0.06584064816436754,1604161,1603713,448,11,0,18025,27,NA,NA,FALSE
HMP9231,Gardnerella,vaginalis,1009464,ASM21395v1,NA,GCA_000213955.1,GCF_000213955.1,yes,NA,CP002725.1,NC_017456.1,PRJNA51067,SAMN00100736,Complete Genome,Full,genbank,na,latest,Major,2011-05-18,J. Craig Venter Institute,Celera Assembler v. 6.1,39x,454,genomic DNA,NA,NA,NA,NA,NA,NA,NA,NA,NA,NA,NA,NA,NA,1.726519,1.726519e-6,1,0,0,1.9776899945447117,112930,0.06540906876785023,1726519,1726519,0,0,0,NA,NA,NA,NA,TRUE
315-A,Gardnerella,vaginalis,879307,ASM21431v2,AFDI01,GCA_000214315.2,GCF_000214315.1,yes,NA,NA,NA,PRJNA52049,SAMN00138210,Contig,Full,genbank,na,latest,Major,2011-05-20,J. Craig Venter Institute,Newbler v. 2.3,30x,454,genomic DNA,normal,NA,NA,NA,NA,NA,NA,NA,NA,NA,NA,NA,NA,1.653275,4.1325800000000003e-7,13,0,0,1.9764118414047211,110038,0.06655759023755878,1653275,1653275,0,0,0,413258,2,NA,NA,TRUE
284V,Gardnerella,vaginalis,698950,ASM26343v1,ADEL01,GCA_000263435.1,GCF_000263435.1,yes,NA,NA,NA,PRJNA42431,SAMN02393773,Contig,Full,genbank,na,latest,Major,2012-05-21,"Center for Genomic Sciences, Allegheny-Singer Research Institute",Newbler v. 2.0.00.20,32x,454 GS FLX Titanium,genomic DNA,normal,NA,NA,NA,NA,NA,NA,NA,NA,NA,NA,NA,NA,1.650838,3.9357700000000003e-7,16,0,0,1.9775539095697043,108764,0.06588411461330548,1650838,1650838,0,0,0,393577,2,NA,NA,TRUE
6420LIT,Gardnerella,vaginalis,698953,ASM26345v1,ADEO01,GCA_000263455.1,GCF_000263455.1,yes,genome length too small; partial,NA,NA,PRJNA42439,SAMN02393776,Contig,Partial,genbank,na,latest,Major,2012-05-21,"Center for Genomic Sciences, Allegheny-Singer Research Institute",Newbler v. 2.0.00.20,42x,454 GS FLX Titanium,genomic DNA,normal,NA,NA,NA,NA,NA,NA,NA,NA,NA,NA,NA,NA,0.543852,4.4684299999999997e-7,3,0,0,1.9806377038242755,40118,0.07376639232732435,543852,543852,0,0,0,446843,1,NA,NA,FALSE
55152,Gardnerella,vaginalis,698955,ASM26347v1,ADEQ01,GCA_000263475.1,GCF_000263475.1,yes,NA,NA,NA,PRJNA42443,SAMN02393778,Contig,Full,genbank,na,latest,Major,2012-05-21,"Center for Genomic Sciences, Allegheny-Singer Research Institute",Newbler v. 2.0.00.20,34x,454 GS FLX Titanium,genomic DNA,normal,NA,NA,NA,NA,NA,NA,NA,NA,NA,NA,NA,NA,1.643189,1.15045e-7,25,0,0,1.9719363844343636,108110,0.0657927968115658,1643189,1643189,0,0,0,115045,4,NA,NA,TRUE
1400E,Gardnerella,vaginalis,698956,ASM26349v1,ADER01,GCA_000263495.1,GCF_000263495.1,yes,NA,NA,NA,PRJNA42445,SAMN02393779,Contig,Full,genbank,na,latest,Major,2012-05-21,"Center for Genomic Sciences, Allegheny-Singer Research Institute",Newbler v. 2.0.00.20,39x,454 GS FLX Titanium,genomic DNA,normal,NA,NA,NA,NA,NA,NA,NA,NA,NA,NA,NA,NA,1.716325,1.24634e-7,28,0,0,1.9725481941228749,111357,0.06488106856218956,1716325,1716325,0,0,0,124634,4,NA,NA,TRUE
00703C2mash,Gardnerella,vaginalis,698959,ASM26351v1,ADEU01,GCA_000263515.1,GCF_000263515.1,yes,NA,NA,NA,PRJNA42451,SAMN02393782,Contig,Full,genbank,na,latest,Major,2012-05-21,"Center for Genomic Sciences, Allegheny-Singer Research Institute",Newbler v. 2.0.00.20,40x,454 GS FLX Titanium,genomic DNA,normal,NA,NA,NA,NA,NA,NA,NA,NA,NA,NA,NA,NA,1.546682,2.4155899999999997e-7,22,0,0,1.975276184523298,115418,0.07462296709989513,1546682,1546682,0,0,0,241559,3,NA,NA,TRUE
75712,Gardnerella,vaginalis,698951,ASM26353v1,ADEM01,GCA_000263535.1,GCF_000263535.1,yes,NA,NA,NA,PRJNA42435,SAMN02393774,Contig,Full,genbank,na,latest,Major,2012-05-21,"Center for Genomic Sciences, Allegheny-Singer Research Institute",Newbler v. 2.0.00.20,32x,454 GS FLX Titanium,genomic DNA,normal,NA,NA,NA,NA,NA,NA,NA,NA,NA,NA,NA,NA,1.672968,1.553233e-6,3,0,0,1.9769058414771616,110099,0.06581058334648361,1672968,1672968,0,0,0,1553233,1,NA,NA,TRUE
0288E,Gardnerella,vaginalis,698952,ASM26355v1,ADEN01,GCA_000263555.1,GCF_000263555.1,yes,NA,NA,NA,PRJNA42437,SAMN02393775,Contig,Full,genbank,na,latest,Major,2012-05-21,"Center for Genomic Sciences, Allegheny-Singer Research Institute",Newbler v. 2.0.00.20,38x,454 GS FLX Titanium,genomic DNA,normal,NA,NA,NA,NA,NA,NA,NA,NA,NA,NA,NA,NA,1.708773,2.18744e-7,17,0,0,1.9737885088697995,112038,0.06556634497384965,1708773,1708773,0,0,0,218744,3,NA,NA,TRUE
6420B,Gardnerella,vaginalis,698954,ASM26357v1,ADEP01,GCA_000263575.1,GCF_000263575.1,yes,NA,NA,NA,PRJNA42441,SAMN02393777,Contig,Full,genbank,na,latest,Major,2012-05-21,"Center for Genomic Sciences, Allegheny-Singer Research Institute",Newbler v. 2.0.00.20,45x,454 GS FLX Titanium,genomic DNA,normal,NA,NA,NA,NA,NA,NA,NA,NA,NA,NA,NA,NA,1.493594,2.52633e-7,14,0,0,1.9802218375521439,105525,0.07065172998820295,1493594,1493594,0,0,0,252633,3,NA,NA,TRUE
1500E,Gardnerella,vaginalis,698957,ASM26359v1,ADES01,GCA_000263595.1,GCF_000263595.1,yes,NA,NA,NA,PRJNA42447,SAMN02393780,Contig,Full,genbank,na,latest,Major,2012-05-21,"Center for Genomic Sciences, Allegheny-Singer Research Institute",Newbler v. 2.0.00.20,49x,454 GS FLX Titanium,genomic DNA,normal,NA,NA,NA,NA,NA,NA,NA,NA,NA,NA,NA,NA,1.548244,1.47683e-7,27,0,0,1.974954396944268,113752,0.07347162333585662,1548244,1548244,0,0,0,147683,4,NA,NA,TRUE
00703Bmash,Gardnerella,vaginalis,698958,ASM26361v1,ADET01,GCA_000263615.1,GCF_000263615.1,yes,NA,NA,NA,PRJNA42449,SAMN02393781,Contig,Full,genbank,na,latest,Major,2012-05-21,"Center for Genomic Sciences, Allegheny-Singer Research Institute",Newbler v. 2.0.00.20,25x,454 GS FLX Titanium,genomic DNA,normal,NA,NA,NA,NA,NA,NA,NA,NA,NA,NA,NA,NA,1.566055,2.48746e-7,16,0,0,1.974580061702357,116763,0.07455868408197669,1566055,1566055,0,0,0,248746,3,NA,NA,TRUE
00703Dmash,Gardnerella,vaginalis,698960,ASM26363v1,ADEV01,GCA_000263635.1,GCF_000263635.1,yes,NA,NA,NA,PRJNA42453,SAMN02393783,Contig,Full,genbank,na,latest,Major,2012-05-21,"Center for Genomic Sciences, Allegheny-Singer Research Institute",Newbler v. 2.0.00.20,63x,454 GS FLX Titanium,genomic DNA,normal,NA,NA,NA,NA,NA,NA,NA,NA,NA,NA,NA,NA,1.490797,3.51453e-7,11,0,0,1.9820519911570567,113298,0.07599827474833931,1490797,1490797,0,0,0,351453,2,NA,NA,TRUE
6119V5,Gardnerella,vaginalis,698961,ASM26365v1,ADEW01,GCA_000263655.1,GCF_000263655.1,yes,NA,NA,NA,PRJNA42455,SAMN02393784,Contig,Full,genbank,na,latest,Major,2012-05-21,"Center for Genomic Sciences, Allegheny-Singer Research Institute",Newbler v. 2.0.00.20,49x,454 GS FLX Titanium,genomic DNA,normal,NA,NA,NA,NA,NA,NA,NA,NA,NA,NA,NA,NA,1.499602,2.00568e-7,12,0,0,1.9852794010538837,112247,0.07485119385010156,1499602,1499602,0,0,0,200568,4,NA,NA,TRUE
JCP8522,Gardnerella,vaginalis,1261071,ASM41442v1,ATJE01,GCA_000414425.1,GCF_000414425.1,yes,NA,NA,NA,PRJNA181326,SAMN02436909,Scaffold,Full,genbank,na,latest,Major,2013-06-26,Washington University,Velvet v. 1.1.06,144x,Illumina,genomic DNA,normal,vagina,Homo sapiens,NA,NA,NA,NA,NA,NA,NA,NA,NA,NA,1.474487,2.746e-8,151,4000,0.0027128079121755567,1.982372259505994,109376,0.07417901955052843,1474487,1470487,4000,40,0,21040,17,27460,14,TRUE
JCP8481B,Gardnerella,vaginalis,1261070,ASM41444v1,ATJF01,GCA_000414445.1,GCF_000414445.1,yes,NA,NA,NA,PRJNA181325,SAMN02436829,Scaffold,Full,genbank,na,latest,Major,2013-06-26,Washington University,Velvet v. 1.1.06,161x,Illumina,genomic DNA,normal,vagina,Homo sapiens,NA,NA,NA,NA,NA,NA,NA,NA,NA,NA,1.573879,2.0761000000000003e-8,139,4100,0.0026050287220300925,1.9795257124652221,111321,0.0707303420402712,1573879,1569779,4100,41,0,19890,21,20761,16,FALSE
JCP8481A,Gardnerella,vaginalis,1261069,ASM41446v1,ATJG01,GCA_000414465.1,GCF_000414465.1,yes,NA,NA,NA,PRJNA181324,SAMN02436910,Scaffold,Full,genbank,na,latest,Major,2013-06-26,Washington University,Velvet v. 1.1.06,134x,Illumina,genomic DNA,normal,vagina,Homo sapiens,NA,NA,NA,NA,NA,NA,NA,NA,NA,NA,1.572875,2.0849e-8,149,5500,0.0034967813716919654,1.9781320864441847,111079,0.07062163236112215,1572875,1567375,5500,55,0,18015,24,20849,20,TRUE
JCP8151B,Gardnerella,vaginalis,1261068,ASM41448v1,ATJH01,GCA_000414485.1,GCF_000414485.1,yes,NA,NA,NA,PRJNA181323,SAMN02436771,Scaffold,Full,genbank,na,latest,Major,2013-06-26,Washington University,Velvet v. 1.1.06,136x,Illumina,genomic DNA,normal,vagina,Homo sapiens,NA,NA,NA,NA,NA,NA,NA,NA,NA,NA,1.554137,2.7820999999999998e-8,156,2900,0.0018659873614745675,1.980960150436189,115392,0.07424828055699079,1554137,1551237,2900,29,0,27478,14,27821,13,TRUE
JCP8151A,Gardnerella,vaginalis,1261067,ASM41450v1,ATJI01,GCA_000414505.1,GCF_000414505.1,yes,NA,NA,NA,PRJNA181322,SAMN02436772,Scaffold,Full,genbank,na,latest,Major,2013-06-26,Washington University,Velvet v. 1.1.06,136x,Illumina,genomic DNA,normal,vagina,Homo sapiens,NA,NA,NA,NA,NA,NA,NA,NA,NA,NA,1.560453,2.8822e-8,148,4100,0.0026274421594242184,1.9811319596348844,114515,0.07338574119182058,1560453,1556353,4100,41,0,23693,17,28822,14,TRUE
JCP8108,Gardnerella,vaginalis,1261066,ASM41452v1,ATJJ01,GCA_000414525.1,GCF_000414525.1,yes,NA,NA,NA,PRJNA181321,SAMN02436830,Scaffold,Full,genbank,na,latest,Major,2013-06-26,Washington University,Velvet v. 1.1.06,152x,Illumina,genomic DNA,normal,vagina,Homo sapiens,NA,NA,NA,NA,NA,NA,NA,NA,NA,NA,1.665594,3.1929e-8,151,2500,0.0015009660217315864,1.9773251216015684,107758,0.06469643862790092,1665594,1663094,2500,25,0,30383,19,31929,18,TRUE
JCP8070,Gardnerella,vaginalis,1261065,ASM41454v1,ATJK01,GCA_000414545.1,GCF_000414545.1,yes,NA,NA,NA,PRJNA181320,SAMN02436911,Scaffold,Full,genbank,na,latest,Major,2013-06-26,Washington University,Velvet v. 1.1.06,143x,Illumina,genomic DNA,normal,vagina,Homo sapiens,NA,NA,NA,NA,NA,NA,NA,NA,NA,NA,1.479254,3.1307000000000004e-8,138,3500,0.0023660574857326732,1.9804859619607496,110049,0.0743949314992557,1479254,1475754,3500,35,0,24364,16,31307,14,TRUE
JCP8066,Gardnerella,vaginalis,1261064,ASM41456v1,ATJL01,GCA_000414565.1,GCF_000414565.1,yes,NA,NA,NA,PRJNA181319,SAMN02436710,Scaffold,Full,genbank,na,latest,Major,2013-06-26,Washington University,Velvet v. 1.1.06,139x,Illumina,genomic DNA,normal,vagina,Homo sapiens,NA,NA,NA,NA,NA,NA,NA,NA,NA,NA,1.520733,3.2502999999999997e-8,144,5300,0.0034851614320199537,1.9779604067884162,112457,0.07394920738880527,1520733,1515433,5300,53,0,28500,15,32503,13,TRUE
JCP8017B,Gardnerella,vaginalis,1261063,ASM41458v1,ATJM01,GCA_000414585.1,GCF_000414585.1,yes,NA,NA,NA,PRJNA181318,SAMN02436773,Scaffold,Full,genbank,na,latest,Major,2013-06-26,Washington University,Velvet v. 1.1.06,132x,Illumina,genomic DNA,normal,vagina,Homo sapiens,NA,NA,NA,NA,NA,NA,NA,NA,NA,NA,1.602251,3.3674999999999995e-8,158,2900,0.001809953621498754,1.9831855751675083,116863,0.07293676209283065,1602251,1599351,2900,29,0,21338,16,33675,13,FALSE
JCP8017A,Gardnerella,vaginalis,1261062,ASM41460v1,ATJN01,GCA_000414605.1,GCF_000414605.1,yes,NA,NA,NA,PRJNA181317,SAMN02436912,Scaffold,Full,genbank,na,latest,Major,2013-06-26,Washington University,Velvet v. 1.1.06,184x,Illumina,genomic DNA,normal,vagina,Homo sapiens,NA,NA,NA,NA,NA,NA,NA,NA,NA,NA,1.607921,2.9411e-8,163,2400,0.0014926106444284265,1.9851072586291398,117579,0.07312486123385416,1607921,1605521,2400,24,0,23472,16,29411,14,TRUE
JCP7719,Gardnerella,vaginalis,1261061,ASM41462v1,ATJO01,GCA_000414625.1,GCF_000414625.1,yes,NA,NA,NA,PRJNA181316,SAMN02436711,Scaffold,Full,genbank,na,latest,Major,2013-06-26,Washington University,Velvet v. 1.1.06,135x,Illumina,genomic DNA,normal,vagina,Homo sapiens,NA,NA,NA,NA,NA,NA,NA,NA,NA,NA,1.563149,3.4349e-8,145,4000,0.0025589371198778874,1.9831975865287097,114160,0.0730320654013149,1563149,1559149,4000,40,0,28794,16,34349,12,TRUE
JCP7672,Gardnerella,vaginalis,1261060,ASM41464v1,ATJP01,GCA_000414645.1,GCF_000414645.1,yes,NA,NA,NA,PRJNA181315,SAMN02436831,Scaffold,Full,genbank,na,latest,Major,2013-06-26,Washington University,Velvet v. 1.1.06,132x,Illumina,genomic DNA,normal,vagina,Homo sapiens,NA,NA,NA,NA,NA,NA,NA,NA,NA,NA,1.603533,3.3508000000000005e-8,139,3000,0.0018708688876374856,1.9781923344122518,105316,0.06567747592347647,1603533,1600533,3000,30,0,22199,15,33508,11,TRUE
JCP7659,Gardnerella,vaginalis,1261059,ASM41466v1,ATJQ01,GCA_000414665.1,GCF_000414665.1,yes,NA,NA,NA,PRJNA181314,SAMN02436712,Scaffold,Full,genbank,na,latest,Major,2013-06-26,Washington University,Velvet v. 1.1.06,137x,Illumina,genomic DNA,normal,vagina,Homo sapiens,NA,NA,NA,NA,NA,NA,NA,NA,NA,NA,1.535941,2.0622e-8,181,3300,0.002148520027787526,1.9808592854622777,111813,0.07279771814151716,1535941,1532641,3300,33,0,20121,20,20622,18,TRUE
JCP7276,Gardnerella,vaginalis,1261058,ASM41468v1,ATJR01,GCA_000414685.1,GCF_000414685.1,yes,NA,NA,NA,PRJNA181313,SAMN02436904,Scaffold,Full,genbank,na,latest,Major,2013-06-26,Washington University,Velvet v. 1.1.06,127x,Illumina,genomic DNA,normal,vagina,Homo sapiens,NA,NA,NA,NA,NA,NA,NA,NA,NA,NA,1.659589,3.0004e-8,145,3400,0.0020487000094601736,1.9771832589104585,107550,0.06480520176983579,1659589,1656189,3400,34,0,23926,15,30004,12,TRUE
JCP7275,Gardnerella,vaginalis,1261057,ASM41470v1,ATJS01,GCA_000414705.1,GCF_000414705.1,yes,NA,NA,NA,PRJNA181312,SAMN02436832,Scaffold,Full,genbank,na,latest,Major,2013-06-26,Washington University,Velvet v. 1.1.06,135x,Illumina,genomic DNA,normal,vagina,Homo sapiens,NA,NA,NA,NA,NA,NA,NA,NA,NA,NA,1.562234,2.2453999999999997e-8,184,1800,0.0011521961498725543,1.9770334166727723,101577,0.0650203490642247,1562234,1560434,1800,18,0,19822,18,22454,16,TRUE
JCM_11026,Gardnerella,vaginalis,585528,ASM104265v1,NA,GCA_001042655.1,GCF_001042655.1,yes,NA,AP012332.1,NZ_AP012332.1,PRJDB63,SAMD00061047,Complete Genome,Full,genbank,na,latest,Major,2015-02-17,"Graduate School of Frontier Sciences, University of Tokyo",phrap v 0.990329,11.8x,3730xl,genomic DNA,NA,NA,NA,NA,type strain of Gardnerella vaginalis,NA,NA,NA,NA,NA,NA,NA,NA,1.667406,1.6674059999999999e-6,1,0,0,1.9783536413158092,110179,0.06607808776026955,1667406,1667406,0,0,0,NA,NA,NA,NA,FALSE
3549624,Gardnerella,vaginalis,2702,ASM104978v1,LFWD01,GCA_001049785.1,GCF_001049785.1,yes,NA,NA,NA,PRJNA288563,SAMN03801593,Contig,Full,genbank,na,latest,Major,2015-07-08,Medical Diagnostic Laboratories,GS De Novo Assembler v. JUNE-2015,24.0x,454,genomic DNA,normal,Discarded cervico-vaginal swab,Homo sapiens,NA,NA,USA: Massachusettes,12-Sep-2011,NA,NA,NA,NA,NA,NA,1.732251,4.53719e-7,11,0,0,1.9766042956180991,114546,0.06612552107056079,1732251,1732251,0,0,0,453719,2,NA,NA,TRUE
14019_MetR,Gardnerella,vaginalis,2702,ASM127834v1,LIYA01,GCA_001278345.1,GCF_001278345.1,yes,NA,NA,NA,PRJNA294071,SAMN04014465,Contig,Full,genbank,na,latest,Major,2015-09-02,Medical Diagnostic Laboratories,Newbler v. SEP-2012,33.0x,454,genomic DNA,normal,Laboratory-derived,NA,NA,NA,"USA: Hamilton, NJ",2012,NA,NA,NA,NA,NA,NA,1.661101,4.73695e-7,7,0,0,1.9723636333729293,109786,0.06609230865552426,1661101,1661101,0,0,0,473695,2,NA,NA,FALSE
GED7275B,Gardnerella,vaginalis,2702,ASM154644v1,LRPZ01,GCA_001546445.1,GCF_001546445.1,yes,NA,NA,NA,PRJNA272096,SAMN03851014,Scaffold,Full,genbank,na,latest,Major,2016-02-02,The Genome Institute at Washington University,Velvet v. 1.1.06,104x,Illumina,genomic DNA,normal,Vagina,Homo sapiens,NA,NA,NA,NA,NA,NA,NA,NA,NA,NA,1.507903,3.61165e-7,18,2900,0.0019232006302792686,1.975640066621485,113409,0.07520974492391089,1507903,1505003,2900,29,0,82698,6,361165,2,TRUE
GED7760B,Gardnerella,vaginalis,2702,ASM154645v1,LRQA01,GCA_001546455.1,GCF_001546455.1,yes,NA,NA,NA,PRJNA272108,SAMN03851015,Scaffold,Full,genbank,na,latest,Major,2016-02-02,The Genome Institute at Washington University,Velvet v. 1.1.06,114x,Illumina,genomic DNA,normal,Vagina,Homo sapiens,NA,NA,NA,NA,NA,NA,NA,NA,NA,NA,1.489151,1.45945e-7,25,3500,0.0023503325048970856,1.9864510272712295,115051,0.07725945857740417,1489151,1485651,3500,35,0,64758,6,145945,4,TRUE
PSS_7772B,Gardnerella,vaginalis,2702,ASM154648v1,LRQB01,GCA_001546485.1,GCF_001546485.1,yes,NA,NA,NA,PRJNA272100,SAMN03851016,Scaffold,Full,genbank,na,latest,Major,2016-02-02,The Genome Institute at Washington University,Velvet v. 1.1.06,106x,Illumina,genomic DNA,normal,urine,Homo sapiens,NA,NA,NA,NA,NA,NA,NA,NA,NA,NA,1.596709,7.6126e-8,59,5000,0.003131440982671232,1.9820564596199042,113068,0.07081315380573416,1596709,1591709,5000,50,0,28096,15,76126,7,TRUE
CMW7778B,Gardnerella,vaginalis,2702,ASM156366v1,LSRC01,GCA_001563665.1,GCF_001563665.1,yes,NA,NA,NA,PRJNA272122,SAMN03851013,Scaffold,Full,genbank,na,latest,Major,2016-02-18,The Genome Institute at Washington University,Velvet v. 1.1.06,106x,Illumina,genomic DNA,normal,vagina,Homo sapiens,NA,NA,NA,NA,NA,NA,NA,NA,NA,NA,1.60263,1.59827e-7,31,3000,0.0018719230265251492,1.9521639232088321,88100,0.054972139545621884,1602630,1599630,3000,30,0,45741,12,159827,4,TRUE
30-4,Gardnerella,sp.,1840518,ASM164121v1,LXJL01,GCA_001641215.1,GCF_001641215.1,yes,NA,NA,NA,PRJNA316969,SAMN04625622,Scaffold,Full,genbank,na,latest,Major,2016-05-10,Loyola University Chicago,Velvet v. 1.20.09,714.0x,Illumina MiSeq,genomic DNA,normal,urine,Homo sapiens,NA,NA,"USA: Maywood, IL",10-Jun-2013,NA,NA,NA,NA,NA,NA,1.589896,1.603e-8,183,15794,0.009933983103297322,1.9670289382234687,110467,0.06948064527491106,1589896,1574116,15780,29,0,12236,34,NA,NA,FALSE
23-12,Gardnerella,vaginalis,2702,ASM166073v1,LWSQ01,GCA_001660735.1,GCF_001660735.1,yes,NA,NA,NA,PRJNA316969,SAMN04625558,Scaffold,Full,genbank,na,latest,Major,2016-06-09,Loyola University Chicago,Velvet v. 1.20.09,631.0x,Illumina MiSeq,genomic DNA,normal,urine,Homo sapiens,NA,NA,"USA: Maywood, IL",11-Jul-2013,NA,NA,NA,NA,NA,NA,1.595201,9.925e-9,302,21358,0.013388908357003286,1.9615571451714673,105838,0.06634775178801919,1595201,1573859,21342,29,0,8016,57,NA,NA,FALSE
26-12,Gardnerella,sp.,1841133,ASM166074v1,LWSR01,GCA_001660745.1,GCF_001660745.1,yes,NA,NA,NA,PRJNA316969,SAMN04625631,Scaffold,Full,genbank,na,latest,Major,2016-06-09,Loyola University Chicago,Velvet v. 1.20.09,526.0x,Illumina MiSeq,genomic DNA,normal,urine,Homo sapiens,NA,NA,"USA: Maywood, IL",18-Jul-2013,NA,NA,NA,NA,NA,NA,1.483907,1.5701e-8,175,5342,0.003599956061936496,1.9700249065341273,105152,0.07086158364371892,1483907,1478603,5304,21,0,13438,35,NA,NA,FALSE
18-4,Gardnerella,vaginalis,2702,ASM166075v1,LWSP01,GCA_001660755.1,GCF_001660755.1,yes,NA,NA,NA,PRJNA316969,SAMN04625602,Scaffold,Full,genbank,na,latest,Major,2016-06-09,Loyola University Chicago,Velvet v. 1.20.09,197.0x,Illumina MiSeq,genomic DNA,normal,urine,Homo sapiens,NA,NA,"USA: Maywood, IL",01-May-2013,NA,NA,NA,NA,NA,NA,1.622829,7.506e-9,324,44995,0.02772627307005236,1.9641648154205376,106762,0.06578758452061184,1622829,1577875,44954,47,0,6324,73,NA,NA,FALSE
ATCC_49145,Gardnerella,vaginalis,2702,ASM191383v1,MJBN01,GCA_001913835.1,GCF_001913835.1,yes,NA,NA,NA,PRJNA342481,SAMN05757759,Contig,Full,genbank,na,latest,Major,2016-12-22,Middle Tennessee State University,CLC NGS Cell v. SEPTEMBER-2016,21.0x,Illumina MiSeq,genomic DNA,normal,Clinical,Homo sapiens,ATCC:49145,NA,NA,NA,Baxter Healthcare Corporation,NA,NA,NA,NA,NA,1.706848,1.5909699999999999e-7,21,0,0,1.970184665791599,112289,0.0657873460319841,1706848,1706848,0,0,0,159097,3,NA,NA,FALSE
GV37,Gardnerella,vaginalis,2702,ASM195315v1,NA,GCA_001953155.1,GCF_001953155.1,yes,NA,CP019058.1,NZ_CP019058.1,PRJNA360037,SAMN06199463,Complete Genome,Full,genbank,na,latest,Major,2017-01-17,"Institute of Biotechnology, Vilnius University",Meraculous2 v. 2.0.3,116x,Illumina,genomic DNA,NA,blood culture,Homo sapiens,NA,NA,France: Paris,2011,Jacques Tankovic,NA,NA,48.8566 N 2.3522 E,NA,NA,1.746718,1.746718e-6,1,0,0,1.9802566577987828,118083,0.06760278419298364,1746718,1746718,0,0,0,NA,NA,NA,NA,TRUE
FDAARGOS_296,Gardnerella,vaginalis,2702,ASM220622v2,NJFH02,GCA_002206225.2,GCF_002206225.1,yes,NA,NA,NA,PRJNA231221,SAMN06173309,Contig,Full,genbank,na,latest,Major,2018-01-19,University of Maryland School of Medicine Institute for Genome Sciences (IGS) - sequencing center,"SMRT v. 2.3.0, HGAP v. 3.0",1131x,PacBio; Illumina,genomic DNA,normal,Clinical isolate,Homo sapiens,"c(culture_collection = ""ATCC:49145D-5"", culture_collection.1 = ""FDA:FDAARGOS_296"")",NA,USA: VA,NA,ATCC < Baxter Healthcare Corporation,NA,NA,NA,NA,NA,1.770983,1.750745e-6,2,0,0,1.9678670485032161,116886,0.06600063354645415,1770983,1770983,0,0,0,1750745,1,NA,NA,FALSE
UMB0912,Gardnerella,vaginalis,2702,ASM286112v1,PKHC01,GCA_002861125.1,GCF_002861125.1,yes,NA,NA,NA,PRJNA316969,SAMN08193669,Scaffold,Full,genbank,na,latest,Major,2017-12-28,Loyola University Chicago,Velvet v. 1.2,704.02x,Illumina HiSeq,genomic DNA,normal,NA,Homo sapiens,NA,NA,"USA: Maywood, IL",2015,NA,NA,NA,NA,NA,NA,1.513749,1.4170899999999999e-6,4,17,1.1230395527924379e-5,1.9780131727784236,106142,0.07011862600734996,1513749,1513739,10,1,0,823156,1,NA,NA,FALSE
UMB0913,Gardnerella,vaginalis,2702,ASM286114v1,PKHB01,GCA_002861145.1,GCF_002861145.1,yes,NA,NA,NA,PRJNA316969,SAMN08193670,Scaffold,Full,genbank,na,latest,Major,2017-12-28,Loyola University Chicago,Velvet v. 1.2,768.94x,Illumina HiSeq,genomic DNA,normal,NA,Homo sapiens,NA,NA,"USA: Maywood, IL",2015,NA,NA,NA,NA,NA,NA,1.513612,1.416807e-6,4,150,9.910069423339666e-5,1.9777118832305562,106136,0.07012100855437192,1513612,1513462,150,3,0,1072278,1,NA,NA,TRUE
UMB0061,Gardnerella,vaginalis,2702,ASM286116v1,PKHD01,GCA_002861165.1,GCF_002861165.1,yes,NA,NA,NA,PRJNA316969,SAMN08193668,Scaffold,Full,genbank,na,latest,Major,2017-12-28,Loyola University Chicago,Velvet v. 1.2,554.21x,Illumina HiSeq,genomic DNA,normal,NA,Homo sapiens,NA,NA,"USA: Maywood, IL",2015,NA,NA,NA,NA,NA,NA,1.742219,5.92815e-7,17,319,1.830998284371827e-4,1.9679690681817215,113411,0.0650957198836656,1742219,1741901,318,3,0,592815,2,NA,NA,TRUE
UMB0833,Gardnerella,vaginalis,2702,ASM286188v1,PKJE01,GCA_002861885.1,GCF_002861885.1,yes,NA,NA,NA,PRJNA316969,SAMN08193680,Scaffold,Full,genbank,na,latest,Major,2017-12-28,Loyola University Chicago,Velvet v. 1.2,413.93x,Illumina HiSeq,genomic DNA,normal,NA,Homo sapiens,NA,NA,"USA: Maywood, IL",2015,NA,NA,NA,NA,NA,NA,1.620322,4.2683199999999997e-7,12,142,8.763690180100004e-5,1.981075821333645,118982,0.073431083451314,1620322,1620181,141,2,0,426832,2,NA,NA,TRUE
UMB0830,Gardnerella,vaginalis,2702,ASM286190v1,PKJF01,GCA_002861905.1,GCF_002861905.1,yes,NA,NA,NA,PRJNA316969,SAMN08193679,Scaffold,Full,genbank,na,latest,Major,2017-12-28,Loyola University Chicago,Velvet v. 1.2,485.21x,Illumina HiSeq,genomic DNA,normal,NA,Homo sapiens,NA,NA,"USA: Maywood, IL",2015,NA,NA,NA,NA,NA,NA,1.559223,1.004161e-6,4,304,1.9496890438378602e-4,1.9817046175076052,116457,0.0746891240059953,1559223,1558920,303,5,0,299259,3,NA,NA,TRUE
UMB0775,Gardnerella,vaginalis,2702,ASM286192v1,PKJG01,GCA_002861925.1,GCF_002861925.1,yes,NA,NA,NA,PRJNA316969,SAMN08193678,Contig,Full,genbank,na,latest,Major,2017-12-28,Loyola University Chicago,Velvet v. 1.2,431.98x,Illumina HiSeq,genomic DNA,normal,NA,Homo sapiens,NA,NA,"USA: Maywood, IL",2015,NA,NA,NA,NA,NA,NA,1.743554,1.106359e-6,9,2,1.1470823387173555e-6,1.972077228948939,113779,0.065256940708461,1743554,1743554,0,0,0,1106359,1,NA,NA,TRUE
UMB0770,Gardnerella,vaginalis,2702,ASM286194v1,PKJH01,GCA_002861945.1,GCF_002861945.1,yes,NA,NA,NA,PRJNA316969,SAMN08193677,Scaffold,Full,genbank,na,latest,Major,2017-12-28,Loyola University Chicago,Velvet v. 1.2,523.37x,Illumina HiSeq,genomic DNA,normal,NA,Homo sapiens,NA,NA,"USA: Maywood, IL",2015,NA,NA,NA,NA,NA,NA,1.695986,5.73937e-7,10,140,8.254785122046999e-5,1.9715171389100763,111441,0.06570867919900282,1695986,1695847,139,2,0,505434,2,NA,NA,TRUE
UMB0386,Gardnerella,vaginalis,2702,ASM286196v1,PKJK01,GCA_002861965.1,GCF_002861965.1,yes,NA,NA,NA,PRJNA316969,SAMN08193674,Scaffold,Full,genbank,na,latest,Major,2017-12-28,Loyola University Chicago,Velvet v. 1.2,671.46x,Illumina HiSeq,genomic DNA,normal,NA,Homo sapiens,NA,NA,"USA: Maywood, IL",2015,NA,NA,NA,NA,NA,NA,1.675681,1.553233e-6,3,33,1.969348581263379e-5,1.97646249786091,110059,0.06568016227432309,1675681,1675650,31,1,0,1553233,1,NA,NA,TRUE
UMB0298,Gardnerella,vaginalis,2702,ASM286197v1,PKJI01,GCA_002861975.1,GCF_002861975.1,yes,NA,NA,NA,PRJNA316969,SAMN08193676,Scaffold,Full,genbank,na,latest,Major,2017-12-28,Loyola University Chicago,Velvet v. 1.2,572.11x,Illumina HiSeq,genomic DNA,normal,NA,Homo sapiens,NA,NA,"USA: Maywood, IL",2015,NA,NA,NA,NA,NA,NA,1.676015,1.553597e-6,3,439,2.6193082997467206e-4,1.9763250914546877,110055,0.06566468677189644,1676015,1675576,439,6,0,249663,2,NA,NA,FALSE
UMB0032B,Gardnerella,vaginalis,2702,ASM286200v1,PKJJ01,GCA_002862005.1,GCF_002862005.1,yes,NA,NA,NA,PRJNA316969,SAMN08193675,Scaffold,Full,genbank,na,latest,Major,2017-12-28,Loyola University Chicago,Velvet v. 1.2,690.97x,Illumina HiSeq,genomic DNA,normal,NA,Homo sapiens,NA,NA,"USA: Maywood, IL",2015,NA,NA,NA,NA,NA,NA,1.745062,1.619584e-6,13,202,1.1575519952872734e-4,1.9675272382675129,113808,0.06521716706913565,1745062,1744860,202,3,0,1215087,1,NA,NA,TRUE
UMB0032A,Gardnerella,vaginalis,2702,ASM286201v1,PKJL01,GCA_002862015.1,GCF_002862015.1,yes,NA,NA,NA,PRJNA316969,SAMN08193673,Scaffold,Full,genbank,na,latest,Major,2017-12-28,Loyola University Chicago,Velvet v. 1.2,688.03x,Illumina HiSeq,genomic DNA,normal,NA,Homo sapiens,NA,NA,"USA: Maywood, IL",2015,NA,NA,NA,NA,NA,NA,1.745481,5.35561e-7,10,81,4.6405546665933346e-5,1.9672962291882556,113875,0.06523989662448346,1745481,1745401,80,2,0,535561,2,NA,NA,FALSE
UMB0233,Gardnerella,vaginalis,2702,ASM286204v1,PKJM01,GCA_002862045.1,GCF_002862045.1,yes,NA,NA,NA,PRJNA316969,SAMN08193672,Contig,Full,genbank,representative genome,latest,Major,2017-12-28,Loyola University Chicago,Velvet v. 1.2,719.4x,Illumina HiSeq,genomic DNA,normal,NA,Homo sapiens,NA,NA,"USA: Maywood, IL",2015,NA,NA,NA,NA,NA,NA,1.642442,6.01769e-7,7,0,0,1.9707088314266503,108025,0.06577096786370538,1642442,1642442,0,0,0,601769,2,NA,NA,TRUE
UMB0682,Gardnerella,vaginalis,2702,ASM286206v1,PKJN01,GCA_002862065.1,GCF_002862065.1,yes,NA,NA,NA,PRJNA316969,SAMN08193671,Contig,Full,genbank,na,latest,Major,2017-12-28,Loyola University Chicago,Velvet v. 1.2,652.29x,Illumina HiSeq,genomic DNA,normal,NA,Homo sapiens,NA,NA,"USA: Maywood, IL",2015,NA,NA,NA,NA,NA,NA,1.601254,8.81663e-7,6,0,0,1.977795821351081,111317,0.06951863976608333,1601254,1601254,0,0,0,881663,1,NA,NA,TRUE
UMB0388,UNKNOWN,UNKNOWN,2702,ASM287155v1,PNGN01,GCA_002871555.1,GCF_002871555.1,yes,NA,NA,NA,PRJNA316969,SAMN07511421,Scaffold,Full,genbank,na,latest,Major,2018-01-10,Loyola University Chicago,Velvet v. 1.2,141.72x,Illumina HiSeq,genomic DNA,normal,catheter,Homo sapiens,NA,NA,"USA: Maywood, IL",2015,NA,NA,NA,NA,NA,NA,1.98092,1.0036200000000001e-7,87,5971,0.0030142560022615754,1.9635950285227404,89787,0.04532590917351534,1980920,1974951,5969,17,0,72901,11,NA,NA,FALSE
UMB1686,Gardnerella,vaginalis,2702,ASM288477v1,PNGV01,GCA_002884775.1,GCF_002884775.1,yes,NA,NA,NA,PRJNA316969,SAMN07511412,Scaffold,Full,genbank,na,latest,Major,2018-01-10,Loyola University Chicago,Velvet v. 1.2,489.54x,Illumina HiSeq,genomic DNA,normal,catheter,Homo sapiens,NA,NA,"USA: Maywood, IL",2015,NA,NA,NA,NA,NA,NA,1.510549,1.412862e-6,7,55,3.641060303240742e-5,1.970746632043906,113973,0.07545137562568312,1510549,1510495,54,1,0,1118111,1,NA,NA,TRUE
UMB1642,Gardnerella,vaginalis,2702,ASM288479v1,PNGW01,GCA_002884795.1,GCF_002884795.1,yes,NA,NA,NA,PRJNA316969,SAMN07511411,Contig,Full,genbank,na,latest,Major,2018-01-10,Loyola University Chicago,Velvet v. 1.2,532.81x,Illumina HiSeq,genomic DNA,normal,catheter,Homo sapiens,NA,NA,"USA: Maywood, IL",2015,NA,NA,NA,NA,NA,NA,1.628789,1.516546e-6,4,0,0,1.9700379882307573,111453,0.06842691103635891,1628789,1628789,0,0,0,1516546,1,NA,NA,TRUE
UMB0768,Gardnerella,vaginalis,2702,ASM288483v1,PNGZ01,GCA_002884835.1,GCF_002884835.1,yes,NA,NA,NA,PRJNA316969,SAMN07511408,Contig,Full,genbank,na,latest,Major,2018-01-10,Loyola University Chicago,Velvet v. 1.2,654.86x,Illumina HiSeq,genomic DNA,normal,catheter,Homo sapiens,NA,NA,"USA: Maywood, IL",2015,NA,NA,NA,NA,NA,NA,1.674824,1.5547470000000002e-6,4,0,0,1.9691666802865515,110949,0.06624516964170564,1674824,1674824,0,0,0,1554747,1,NA,NA,TRUE
UMB0170,Gardnerella,vaginalis,2702,ASM288485v1,PNHB01,GCA_002884855.1,GCF_002884855.1,yes,NA,NA,NA,PRJNA316969,SAMN07511406,Scaffold,Full,genbank,na,latest,Major,2018-01-10,Loyola University Chicago,Velvet v. 1.2,751.59x,Illumina HiSeq,genomic DNA,normal,catheter,Homo sapiens,NA,NA,"USA: Maywood, IL",2015,NA,NA,NA,NA,NA,NA,1.514739,1.4157120000000002e-6,4,59,3.8950604691633346e-5,1.982423476032997,106339,0.07020285342887454,1514739,1514680,59,1,0,947026,1,NA,NA,FALSE
UMB0264,Gardnerella,vaginalis,2702,ASM288487v1,PNHA01,GCA_002884875.1,GCF_002884875.1,yes,NA,NA,NA,PRJNA316969,SAMN07511407,Scaffold,Full,genbank,na,latest,Major,2018-01-10,Loyola University Chicago,Velvet v. 1.2,695.5x,Illumina HiSeq,genomic DNA,normal,catheter,Homo sapiens,NA,NA,"USA: Maywood, IL",2015,NA,NA,NA,NA,NA,NA,1.515133,1.416105e-6,4,58,3.828046778731636e-5,1.9824302118898425,106365,0.07020175786548112,1515133,1515075,58,1,0,1189650,1,NA,NA,TRUE
KA00735,Gardnerella,sp.,1973156,ASM289408v1,NBMV01,GCA_002894085.1,GCF_002894085.1,yes,NA,NA,NA,PRJNA338966,SAMN05578249,Contig,Full,genbank,na,latest,Major,2018-01-22,University of Washington,Geneious-Geneious's own assembler v. 8.1.8,90.0x,Illumina,genomic DNA,normal,vagina,Homo sapiens,NA,NA,USA: Seattle,NA,NA,NA,NA,NA,NA,NA,1.618183,1.1030740000000002e-6,54,3,1.853931230274944e-6,1.9341621351931972,89415,0.05525642031834471,1618183,1618183,0,0,0,1103074,1,NA,NA,TRUE
DNF01149,Gardnerella,vaginalis,2702,ASM289410v1,NBMW01,GCA_002894105.1,GCF_002894105.1,yes,NA,NA,NA,PRJNA338971,SAMN05578253,Contig,Full,genbank,na,latest,Major,2018-01-22,University of Washington,Geneious-Geneious's own assembler v. 8.1.8,7.0x,Illumina,genomic DNA,normal,vagina,Homo sapiens,NA,NA,USA: Seattle,14-Jun-2012,NA,NA,NA,NA,NA,NA,1.724694,8.865269999999999e-7,7,3,1.7394389961349665e-6,1.981393482182844,112781,0.06539188980769922,1724694,1724694,0,0,0,886527,1,NA,NA,TRUE
DNF01162,Gardnerella,sp.,1973155,ASM289412v1,NBMX01,GCA_002894125.1,GCF_002894125.1,yes,NA,NA,NA,PRJNA339002,SAMN05578537,Contig,Full,genbank,na,latest,Major,2018-01-22,University of Washington,Geneious-Geneious's own assembler v. 8.1.8,44.0x,Illumina,genomic DNA,normal,vagina,Homo sapiens,NA,NA,USA: Seattle,20-Jun-2012,NA,NA,NA,NA,NA,NA,1.693779,8.71016e-7,10,1,5.903957954373032e-7,1.9638171770181627,114762,0.06775500227597579,1693779,1693779,0,0,0,871016,1,NA,NA,TRUE
KA00225,Gardnerella,vaginalis,2702,ASM289655v1,MNLH01,GCA_002896555.1,GCF_002896555.1,yes,NA,NA,NA,PRJNA338962,SAMN05578087,Contig,Full,genbank,na,latest,Major,2018-01-24,University of Washington,Geneious's own assembler v. 8.1.8,141.0x,Illumina,genomic DNA,normal,vagina,Homo sapiens,NA,NA,USA: Seattle,NA,NA,NA,NA,NA,NA,NA,1.670019,3.81404e-7,52,16,9.580729321043653e-6,1.9337611146577722,106365,0.06369089213955051,1670019,1670019,0,0,0,381404,2,NA,NA,TRUE
ATCC_49145,Gardnerella,vaginalis,2702,ASM303492v1,PZKH01,GCA_003034925.1,GCF_003034925.1,yes,NA,NA,NA,PRJNA437230,SAMN08644262,Contig,Full,genbank,na,latest,Major,2018-04-05,Kingston University,SPAdes v. JAN-2018,106.34x,IonTorrent,genomic DNA,normal,NA,NA,ATCC:49145,NA,NA,NA,NA,NA,NA,NA,NA,NA,1.701439,2.23562e-7,18,0,0,1.9772050673248964,111890,0.0657619814756803,1701439,1701439,0,0,0,223562,3,NA,NA,FALSE
NA,Gardnerella,vaginalis,2702,ASM324092v1,QFNV01,GCA_003240925.1,NA,NA,derived from metagenome; fragmented assembly; genome length too small,NA,NA,PRJNA376580,SAMN07426592,Contig,Full,genbank,na,latest,Major,2018-06-18,None,IDBA_UD v. 1.1.1,0,Illumina HiSeq,genomic DNA,normal,hospital NICU surfaces and sinksamples,NA,NA,NA,"USA: Pittsburgh, Pennsylvania Magee WomensHospital",2014,NA,S2_012_000_R3_92,TRUE,40.436828600 N 79.960688000 W,indoor metagenome,metagenomic,1.179605,3.274e-9,450,0,0,1.9745545691390476,83245,0.07057023325604758,1179605,1179605,0,0,0,3274,105,NA,NA,FALSE
NA,Gardnerella,vaginalis,2702,ASM324095v1,QFNU01,GCA_003240955.1,NA,NA,derived from metagenome; fragmented assembly; genome length too small,NA,NA,PRJNA376580,SAMN07426593,Contig,Full,genbank,na,latest,Major,2018-06-18,None,IDBA_UD v. 1.1.1,0,Illumina HiSeq,genomic DNA,normal,hospital NICU surfaces and sinksamples,NA,NA,NA,"USA: Pittsburgh, Pennsylvania Magee WomensHospital",2014,NA,S2_012_000_R3_93,TRUE,40.436828600 N 79.960688000 W,indoor metagenome,metagenomic,1.179605,3.274e-9,450,0,0,1.9745545691390476,83245,0.07057023325604758,1179605,1179605,0,0,0,3274,105,NA,NA,FALSE
UGent_06.41,Gardnerella,vaginalis,2702,ASM329367v1,NA,GCA_003293675.1,GCF_003293675.1,yes,NA,CP029984.1,NZ_CP029984.1,PRJNA474758,SAMN09373173,Chromosome,Full,genbank,na,latest,Major,2018-07-09,Ghent University,SPAdes v. 3.11.1,785x,Illumina MiSeq,genomic DNA,NA,vagina,NA,Homo sapiens,NA,Belgium: Ghent,2008,NA,Mario Vaneechoutte,NA,51.03 N 3.72 E,NA,NA,1.563545,1.563545e-6,1,108,6.907380344025915e-5,1.9818531034465416,108816,0.06959569439958556,1563545,1563445,100,1,0,1563445,1,NA,NA,TRUE
W11,Gardnerella,vaginalis,2702,ASM336987v1,LGOX01,GCA_003369875.1,GCF_003369875.1,yes,NA,NA,NA,PRJNA265103,SAMN03145604,Contig,Full,genbank,na,latest,Major,2018-08-10,University of Saskatchewan,Newbler v. 2.3,15.0x,454,genomic DNA,normal,vaginal swab sample,NA,NA,NA,Canada: Winnipeg,Aug-2005,NA,NA,NA,NA,NA,NA,1.566657,4.50244e-7,7,0,0,1.975477858460917,116394,0.07429450096606979,1566657,1566657,0,0,0,450244,2,NA,NA,TRUE
N101,Gardnerella,vaginalis,2702,ASM336989v1,LGOZ01,GCA_003369895.1,GCF_003369895.1,yes,NA,NA,NA,PRJNA265097,SAMN03145579,Contig,Full,genbank,na,latest,Major,2018-08-10,University of Saskatchewan,Newbler v. 2.3,15.0x,454,genomic DNA,normal,vaginal swab sample,NA,NA,NA,Kenya: Nairobi,Jul-2007,NA,NA,NA,NA,NA,NA,1.542981,6.890640000000001e-7,7,0,0,1.9827950833666554,115151,0.07462891636384375,1542981,1542981,0,0,0,689064,2,NA,NA,TRUE
N153,Gardnerella,vaginalis,2702,ASM336993v1,LGOY01,GCA_003369935.1,GCF_003369935.1,yes,NA,NA,NA,PRJNA265102,SAMN03145603,Contig,Full,genbank,na,latest,Major,2018-08-10,University of Saskatchewan,Newbler v. 2.3,15.0x,454,genomic DNA,normal,vaginal swab sample,NA,NA,NA,Kenya: Nairobi,Jul-2007,NA,NA,NA,NA,NA,NA,1.541756,4.85233e-7,6,0,0,1.9814212069222503,115074,0.07463826960945831,1541756,1541756,0,0,0,485233,2,NA,NA,FALSE
N95,Gardnerella,vaginalis,2702,ASM336996v1,LGPA01,GCA_003369965.1,GCF_003369965.1,yes,NA,NA,NA,PRJNA265092,SAMN03145504,Contig,Full,genbank,na,latest,Major,2018-08-10,University of Saskatchewan,Newbler v. 2.3,15.0x,454,genomic DNA,normal,vaginal swab sample,NA,NA,NA,Kenya: Nairobi,Jul-2007,NA,NA,NA,NA,NA,NA,1.52248,3.8660099999999996e-7,7,0,0,1.9786785694187226,114149,0.07497569754610899,1522480,1522480,0,0,0,386601,2,NA,NA,TRUE
UGent_18.01,Gardnerella,vaginalis,2702,ASM339758v1,QJUV01,GCA_003397585.1,GCF_003397585.1,yes,NA,NA,NA,PRJNA474758,SAMN09373177,Contig,Full,genbank,na,latest,Major,2018-08-16,Ghent University,SPAdes v. 3.11.1,740x,Illumina MiSeq,genomic DNA,normal,vagina,Homo sapiens,NA,NA,Belgium: Ghent,2008,Mario Vaneechoutte,NA,NA,51.03 N 3.72 E,NA,NA,1.51427,1.406824e-6,5,0,0,1.9817098038999519,114260,0.07545550000990577,1514270,1514270,0,0,0,1406824,1,NA,NA,TRUE
UGent_25.49,Gardnerella,vaginalis,2702,ASM339760v1,QJUT01,GCA_003397605.1,GCF_003397605.1,yes,NA,NA,NA,PRJNA474758,SAMN09373179,Scaffold,Full,genbank,na,latest,Major,2018-08-16,Ghent University,SPAdes v. 3.11.1,663x,Illumina MiSeq,genomic DNA,normal,vagina,Homo sapiens,NA,NA,Belgium: Ghent,2008,Mario Vaneechoutte,NA,NA,51.03 N 3.72 E,NA,NA,1.658566,1.5396650000000001e-6,3,101,6.089597881543454e-5,1.9765960466270525,109546,0.06604862272589695,1658566,1658470,96,1,0,1539665,1,NA,NA,TRUE
UGent_21.28,Gardnerella,vaginalis,2702,ASM339761v1,QJUU01,GCA_003397615.1,GCF_003397615.1,yes,NA,NA,NA,PRJNA474758,SAMN09373178,Scaffold,Full,genbank,na,latest,Major,2018-08-16,Ghent University,CLC Genomics Workbench v. 10.0.1,735x,Illumina MiSeq,genomic DNA,normal,vagina,Homo sapiens,NA,NA,Belgium: Ghent,2008,Mario Vaneechoutte,NA,NA,51.03 N 3.72 E,NA,NA,1.547915,1.438368e-6,3,273,1.7636627334188248e-4,1.9825963063479333,116713,0.0754001350203338,1547915,1547642,273,3,0,1043917,1,NA,NA,TRUE
UGent_09.48,Gardnerella,vaginalis,2702,ASM339763v1,QJUW01,GCA_003397635.1,GCF_003397635.1,yes,NA,NA,NA,PRJNA474758,SAMN09373176,Scaffold,Full,genbank,na,latest,Major,2018-08-16,Ghent University,SPAdes v. 3.11.1,914x,Illumina MiSeq,genomic DNA,normal,vagina,Homo sapiens,NA,NA,Belgium: Ghent,2008,Mario Vaneechoutte,NA,NA,51.03 N 3.72 E,NA,NA,1.470925,1.374905e-6,3,195,1.3256964155208457e-4,1.9809278768747647,104109,0.07077791185818448,1470925,1470734,191,2,0,1374905,1,NA,NA,TRUE
UGent_09.07,Gardnerella,vaginalis,2702,ASM339766v1,QJUX01,GCA_003397665.1,GCF_003397665.1,yes,NA,NA,NA,PRJNA474758,SAMN09373175,Scaffold,Full,genbank,na,latest,Major,2018-08-16,Ghent University,SPAdes v. 3.11.1,754x,Illumina MiSeq,genomic DNA,normal,vagina,Homo sapiens,NA,NA,Belgium: Ghent,2008,Mario Vaneechoutte,NA,NA,51.03 N 3.72 E,NA,NA,1.723772,3.82235e-7,24,1050,6.091292815987265e-4,1.97138906037529,112815,0.06544659038434317,1723772,1722722,1050,11,0,169374,4,NA,NA,TRUE
ATCC_14018,Gardnerella,vaginalis,585528,ASM339768v1,QJUZ01,GCA_003397685.1,GCF_003397685.1,yes,NA,NA,NA,PRJNA474758,SAMN09373172,Contig,Full,genbank,na,latest,Major,2018-08-16,Ghent University,SPAdes v. 3.11.1,588x,Illumina MiSeq,genomic DNA,normal,vagina,Homo sapiens,ATCC:14018,type strain of Gardnerella vaginalis,USA,1955,Gardner and Dukes,NA,NA,NA,NA,NA,1.661998,1.544373e-6,2,0,0,1.9809727947596358,109818,0.06607589178807675,1661998,1661998,0,0,0,1544373,1,NA,NA,FALSE
GS_9838-1,Gardnerella,vaginalis,2702,ASM339770v1,QJVB01,GCA_003397705.1,GCF_003397705.1,yes,NA,NA,NA,PRJNA474758,SAMN09373170,Contig,Full,genbank,na,latest,Major,2018-08-16,Ghent University,SPAdes v. 3.11.1,739x,Illumina MiSeq,genomic DNA,normal,vagina,Homo sapiens,NA,NA,Russia: St-Petersburg,2008,Alexander Guschin,NA,NA,59.94 N 30.30 E,NA,NA,1.622089,4.32172e-7,9,0,0,1.9773047762378018,111198,0.06855234207247568,1622089,1622089,0,0,0,432172,2,NA,NA,TRUE
GS_10234,Gardnerella,vaginalis,2702,ASM339774v1,QJVA01,GCA_003397745.1,GCF_003397745.1,yes,NA,NA,NA,PRJNA474758,SAMN09373171,Scaffold,Full,genbank,na,latest,Major,2018-08-16,Ghent University,SPAdes v. 3.11.1,775x,Illumina MiSeq,genomic DNA,normal,vagina,Homo sapiens,NA,NA,Russia: St-Petersburg,2008,Alexander Guschin,NA,NA,59.94 N 30.30 E,NA,NA,1.589042,1.4808870000000002e-06,3,97,6.10430687168747e-5,1.9788359368521915,109685,0.0690258658990763,1589042,1588945,97,1,0,1480887,1,NA,NA,TRUE
UGent_09.01,Gardnerella,vaginalis,2702,ASM339775v1,QJUY01,GCA_003397755.1,GCF_003397755.1,yes,genome length too large,NA,NA,PRJNA474758,SAMN09373174,Scaffold,Full,genbank,na,latest,Major,2018-08-16,Ghent University,SPAdes v. 3.11.1,504x,Illumina MiSeq,genomic DNA,normal,vagina,Homo sapiens,NA,NA,Belgium: Ghent,2008,Mario Vaneechoutte,NA,NA,51.03 N 3.72 E,NA,NA,2.009583,7.995e-9,439,4819,0.002398009935394557,1.9672321370625088,131077,0.06522596976586685,2009583,2004767,4816,50,0,7535,71,NA,NA,FALSE
GH015,Gardnerella,vaginalis,2702,ASM340874v1,LRTU01,GCA_003408745.1,GCF_003408745.1,yes,NA,NA,NA,PRJNA310104,SAMN04446401,Scaffold,Full,genbank,na,latest,Major,2018-08-20,University of Saskatchewan,Velvet v. 1.2.10,75.0x,Illumina MiSeq,genomic DNA,normal,vaginal mucus,Homo sapiens,NA,NA,Belgium: Ghent,Jul-2007,NA,NA,NA,51.005 N 3.733 E,NA,NA,1.575593,1.4930840000000001e-6,2,7053,0.004476409834265575,1.974065922953692,102105,0.0648041721434406,1575593,1568540,7053,49,0,83026,6,NA,NA,TRUE
N160,Gardnerella,vaginalis,2702,ASM340877v1,LSLH01,GCA_003408775.1,GCF_003408775.1,yes,NA,NA,NA,PRJNA310104,SAMN04446403,Scaffold,Full,genbank,na,latest,Major,2018-08-20,University of Saskatchewan,Velvet v. 1.2.10,192.0x,Illumina MiSeq,genomic DNA,normal,vaginal mucus,Homo sapiens,NA,NA,Kenya: Nairobi,Jul-2007,NA,NA,NA,1.282 S 36.845 E,NA,NA,1.509687,1.499587e-6,6,2037,0.0013492863090163723,1.9643543178012497,112844,0.07474661966354615,1509687,1507650,2037,31,0,110908,4,NA,NA,TRUE
N165,Gardnerella,vaginalis,2702,ASM340878v1,LSLG01,GCA_003408785.1,GCF_003408785.1,yes,NA,NA,NA,PRJNA310104,SAMN04446402,Scaffold,Full,genbank,na,latest,Major,2018-08-20,University of Saskatchewan,Velvet v. 1.2.10,111.0x,Illumina MiSeq,genomic DNA,normal,vaginal mucus,Homo sapiens,NA,NA,Kenya: Nairobi,Jul-2007,NA,NA,NA,1.282 S 36.845 E,NA,NA,1.711624,1.659075e-6,29,6228,0.0036386496099610663,1.9539303174603977,111645,0.06522752660631073,1711624,1705396,6228,54,0,51385,8,NA,NA,TRUE
N72,Gardnerella,vaginalis,2702,ASM340881v1,LSLF01,GCA_003408815.1,GCF_003408815.1,yes,NA,NA,NA,PRJNA310104,SAMN04446399,Scaffold,Full,genbank,na,latest,Major,2018-08-20,University of Saskatchewan,Velvet v. 1.2.10,197.0x,Illumina MiSeq,genomic DNA,normal,vaginal mucus,Homo sapiens,NA,NA,Kenya: Nairobi,Jul-2007,NA,NA,NA,1.282 S 36.845 E,NA,NA,1.642851,1.635322e-6,6,1901,0.0011571347614604125,1.9525970266733605,112764,0.06863921317271013,1642851,1640950,1901,19,0,137396,4,NA,NA,TRUE
N144,Gardnerella,vaginalis,2702,ASM340883v1,LRTT01,GCA_003408835.1,GCF_003408835.1,yes,NA,NA,NA,PRJNA310104,SAMN04446400,Scaffold,Full,genbank,na,latest,Major,2018-08-20,University of Saskatchewan,Velvet v. 1.2.10,126.0x,Illumina MiSeq,genomic DNA,normal,vaginal mucus,Homo sapiens,NA,NA,Kenya: Nairobi,Jul-2007,NA,NA,NA,1.282 S 36.845 E,NA,NA,1.582426,1.4229739999999999e-6,2,1881,0.0011886811768765174,1.9827725333925468,117888,0.07449827037725619,1582426,1580545,1881,22,0,142831,5,NA,NA,TRUE
NR010,Gardnerella,vaginalis,2702,ASM340884v1,LRTV01,GCA_003408845.1,GCF_003408845.1,yes,NA,NA,NA,PRJNA310104,SAMN04446404,Scaffold,Full,genbank,na,latest,Major,2018-08-20,University of Saskatchewan,Velvet v. 1.2.10,100.0x,Illumina MiSeq,genomic DNA,normal,vaginal mucus,Homo sapiens,NA,NA,Kenya: Nairobi,Jul-2007,NA,NA,NA,1.282 S 36.845 E,NA,NA,1.622653,2.42895e-7,13,7289,0.004492026329720526,1.9897440472015038,123507,0.0761142400747418,1622653,1615364,7289,34,0,68459,10,NA,NA,TRUE
WP023,Gardnerella,vaginalis,2702,ASM342628v1,NNRU01,GCA_003426285.1,NA,NA,fragmented assembly,NA,NA,PRJNA394757,SAMN07358680,Scaffold,Full,genbank,na,latest,Major,2018-08-23,University of Saskatchewan,SOAPdenovo v. 2.04-r240,100x,Illumina MiSeq,genomic DNA,normal,vaginal microbiome,Homo sapiens,NA,NA,Canada,2012,NA,NA,NA,NA,NA,NA,1.999219,3.1299e-7,19,315665,0.15789415766856957,1.8678471650635888,110078,0.05506050112568958,1999219,1683555,315664,768,0,4146,123,NA,NA,FALSE
GH021,Gardnerella,vaginalis,2702,ASM342634v1,NNRQ01,GCA_003426345.1,NA,NA,fragmented assembly,NA,NA,PRJNA394757,SAMN07358669,Scaffold,Full,genbank,na,latest,Major,2018-08-23,University of Saskatchewan,SOAPdenovo v. 2.04-r240,100x,Illumina MiSeq,genomic DNA,normal,vaginal microbiome,Homo sapiens,NA,NA,Belgium,2012,NA,NA,NA,NA,NA,NA,1.760547,5.29565e-7,6,155761,0.08847307115345401,1.9218308229958643,106272,0.06036305761788808,1760547,1604787,155760,915,0,3252,148,NA,NA,FALSE
GH020,Gardnerella,vaginalis,2702,ASM342638v1,NNRR01,GCA_003426385.1,NA,NA,fragmented assembly,NA,NA,PRJNA394757,SAMN07358668,Scaffold,Full,genbank,na,latest,Major,2018-08-23,University of Saskatchewan,SOAPdenovo v. 2.04-r240,100x,Illumina MiSeq,genomic DNA,normal,vaginal microbiome,Homo sapiens,NA,NA,Belgium,2012,NA,NA,NA,NA,NA,NA,1.534964,2.67701e-7,12,85368,0.05561563658821966,1.9434639904209416,109484,0.07132675424309626,1534964,1449597,85367,1042,0,2598,174,NA,NA,FALSE
GH007,Gardnerella,vaginalis,2702,ASM342640v1,NNRT01,GCA_003426405.1,NA,NA,fragmented assembly,NA,NA,PRJNA394757,SAMN07358666,Scaffold,Full,genbank,na,latest,Major,2018-08-23,University of Saskatchewan,SOAPdenovo v. 2.04-r240,100x,Illumina MiSeq,genomic DNA,normal,vaginal microbiome,Homo sapiens,NA,NA,Belgium,2012,NA,NA,NA,NA,NA,NA,1.524786,4.01223e-7,10,58616,0.03844211581166144,1.9591585344613582,110958,0.07276955585898612,1524786,1466171,58615,702,0,3828,116,NA,NA,FALSE
NR037,Gardnerella,vaginalis,2702,ASM342644v1,NNRW01,GCA_003426445.1,NA,NA,fragmented assembly,NA,NA,PRJNA394757,SAMN07358678,Scaffold,Full,genbank,na,latest,Major,2018-08-23,University of Saskatchewan,SOAPdenovo v. 2.04-r240,100x,Illumina MiSeq,genomic DNA,normal,vaginal microbiome,Homo sapiens,NA,NA,Kenya,2012,NA,NA,NA,NA,NA,NA,2.076814,1.447173e-6,9,483543,0.2328292278461143,1.8341533659374685,105510,0.05080377925033248,2076814,1593271,483543,852,0,3575,138,NA,NA,FALSE
NR001,Gardnerella,vaginalis,2702,ASM342654v1,NNSC01,GCA_003426545.1,NA,NA,fragmented assembly,NA,NA,PRJNA394757,SAMN07358672,Scaffold,Full,genbank,na,latest,Major,2018-08-23,University of Saskatchewan,SOAPdenovo v. 2.04-r240,100x,Illumina MiSeq,genomic DNA,normal,vaginal microbiome,Homo sapiens,NA,NA,Kenya,2012,NA,NA,NA,NA,NA,NA,1.906644,4.85946e-7,8,325179,0.17055045409630745,1.8645011528174948,105276,0.055215341720845634,1906644,1581466,325178,671,0,4863,105,NA,NA,FALSE
GH019,Gardnerella,vaginalis,2702,ASM342656v1,NNRS01,GCA_003426565.1,GCF_003426565.1,yes,many frameshifted proteins,NA,NA,PRJNA394757,SAMN07358667,Scaffold,Full,genbank,na,latest,Major,2018-08-23,University of Saskatchewan,SOAPdenovo v. 2.04-r240,100x,Illumina MiSeq,genomic DNA,normal,vaginal microbiome,Homo sapiens,NA,NA,Belgium,2012,NA,NA,NA,NA,NA,NA,1.532315,2.68652e-7,10,56151,0.03664455415498771,1.9574263654057562,111568,0.07281009453017166,1532315,1476164,56151,536,0,5698,84,NA,NA,FALSE
NR038,Gardnerella,vaginalis,2702,ASM358565v1,NQOK01,GCA_003585655.1,GCF_003585655.1,yes,NA,NA,NA,PRJNA394757,SAMN07490630,Scaffold,Full,genbank,na,latest,Major,2018-09-20,University of Saskatchewan,SOAPdenovo v. 2.04-r240,90x,Illumina MiSeq,genomic DNA,normal,vaginal microbiome,Homo sapiens,NA,NA,Kenya,2012,NA,NA,NA,NA,NA,NA,1.94404,4.81553e-7,11,309545,0.15922769078825538,1.871765476735561,108358,0.05573856505010185,1944040,1634497,309543,480,0,7008,73,NA,NA,TRUE
NR039,Gardnerella,vaginalis,2702,ASM358575v1,NQOJ01,GCA_003585755.1,GCF_003585755.1,yes,NA,NA,NA,PRJNA394757,SAMN07490631,Scaffold,Full,genbank,na,latest,Major,2018-09-20,University of Saskatchewan,SOAPdenovo v. 2.04-r240,80x,Illumina MiSeq,genomic DNA,normal,vaginal microbiome,Homo sapiens,NA,NA,Kenya,2012,NA,NA,NA,NA,NA,NA,1.926148,3.56863e-7,21,319423,0.16583512793409436,1.8690885877122132,106513,0.05529845058635162,1926148,1606725,319423,415,0,7320,72,NA,NA,TRUE
FDAARGOS_568,Gardnerella,vaginalis,2702,ASM381276v1,NA,GCA_003812765.1,GCF_003812765.1,yes,NA,CP033836.1,NZ_CP033836.1,PRJNA231221,SAMN10163192,Complete Genome,Full,genbank,na,latest,Major,2018-11-21,US Food and Drug Administration,Canu v. 1.2,2047.93694294118x,PacBio; Illumina,genomic DNA,NA,NA,Homo sapiens,FDA:FDAARGOS_568,NA,NA,NA,USAMRIID,NA,NA,NA,NA,clinical isolate,1.71659,1.7165900000000002e-6,1,0,0,1.9778453261753925,112920,0.0657815785947722,1716590,1716590,0,0,0,NA,NA,NA,NA,TRUE
ATCC_14018,Gardnerella,vaginalis,585528,ASM433668v1,SJWZ01,GCA_004336685.1,GCF_004336685.1,yes,NA,NA,NA,PRJNA524873,SAMN11037755,Contig,Full,genbank,na,latest,Major,2019-03-09,Kingston University,SPAdes v. 5.0.0.0.0,204.72x,IonTorrent,genomic DNA,normal,patient,Homo sapiens,ATCC:14018,type strain of Gardnerella vaginalis,NA,NA,NA,NA,NA,NA,NA,NA,1.657111,3.2366800000000004e-7,14,0,0,1.976358939591059,109385,0.06600945863010987,1657111,1657111,0,0,0,323668,2,NA,NA,FALSE
14018c,Gardnerella,vaginalis,2702,ASM433671v1,SJXA01,GCA_004336715.1,GCF_004336715.1,yes,NA,NA,NA,PRJNA524879,SAMN11037839,Contig,Full,genbank,na,latest,Major,2019-03-09,Kingston University,SPAdes v. 5.0.0.0.0,203.01x,IonTorrent,genomic DNA,normal,NA,NA,NA,NA,NA,NA,Michael Leonidas Chikindas,NA,NA,NA,NA,NA,1.657819,2.50452e-7,11,0,0,1.9744016925537906,109466,0.06603012753503247,1657819,1657819,0,0,0,250452,3,NA,NA,FALSE
UMB0143,Gardnerella,vaginalis,2702,ASM1331500v1,JABUHK01,GCA_013315005.1,GCF_013315005.1,yes,NA,NA,NA,PRJNA316969,SAMN15064064,Scaffold,Full,genbank,na,latest,Major,2020-06-09,Loyola University Chicago,Velvet v. 1.2,200x,Illumina HiSeq,genomic DNA,normal,urine,Homo sapiens,NA,NA,"USA: Maywood, IL",2015,NA,NA,NA,NA,NA,NA,1.647311,1.004884e-6,11,74,4.4921693596412576e-5,1.952998443037572,109004,0.06617086876734266,1647311,1647237,74,1,0,520360,2,NA,NA,TRUE
UMB0736,Gardnerella,vaginalis,2702,ASM1331502v1,JABUHJ01,GCA_013315025.1,GCF_013315025.1,yes,NA,NA,NA,PRJNA316969,SAMN15064063,Scaffold,Full,genbank,na,latest,Major,2020-06-09,Loyola University Chicago,Velvet v. 1.2,533x,Illumina HiSeq,genomic DNA,normal,urine,Homo sapiens,NA,NA,"USA: Maywood, IL",2015,NA,NA,NA,NA,NA,NA,1.729722,1.606698e-6,5,297,1.7170389230176873e-4,1.972093202389798,112618,0.06510757219946327,1729722,1729426,296,4,0,733551,2,NA,NA,TRUE
UMB0540,Gardnerella,vaginalis,2702,ASM1331504v1,JABUHI01,GCA_013315045.1,GCF_013315045.1,yes,NA,NA,NA,PRJNA316969,SAMN15064062,Scaffold,Full,genbank,na,latest,Major,2020-06-09,Loyola University Chicago,Velvet v. 1.2,463x,Illumina HiSeq,genomic DNA,normal,urine,Homo sapiens,NA,NA,"USA: Maywood, IL",2015,NA,NA,NA,NA,NA,NA,1.640659,1.63962e-6,3,477,2.907368319681299e-4,1.9284210410745752,108453,0.06610331580176014,1640659,1640183,476,8,0,334314,3,NA,NA,FALSE
UMB0202,Gardnerella,vaginalis,2702,ASM1331507v1,JABUHG01,GCA_013315075.1,GCF_013315075.1,yes,NA,NA,NA,PRJNA316969,SAMN15064060,Scaffold,Full,genbank,na,latest,Major,2020-06-09,Loyola University Chicago,Velvet v. 1.2,200x,Illumina HiSeq,genomic DNA,normal,urine,Homo sapiens,NA,NA,"USA: Maywood, IL",2015,NA,NA,NA,NA,NA,NA,1.655074,1.20699e-6,7,74,4.471099177438592e-5,1.9668844859276908,109901,0.06640246901347009,1655074,1655000,74,1,0,548912,2,NA,NA,TRUE
UMB0358,Gardnerella,vaginalis,2702,ASM1331508v1,JABUHH01,GCA_013315085.1,GCF_013315085.1,yes,NA,NA,NA,PRJNA316969,SAMN15064061,Scaffold,Full,genbank,na,latest,Major,2020-06-09,Loyola University Chicago,Velvet v. 1.2,401x,Illumina HiSeq,genomic DNA,normal,urine,Homo sapiens,NA,NA,"USA: Maywood, IL",2015,NA,NA,NA,NA,NA,NA,1.696164,3.99574e-7,9,62,3.6553069160765115e-5,1.9730006652938872,111467,0.06571711226037105,1696164,1696104,60,1,0,331191,2,NA,NA,FALSE
UMB0558,Gardnerella,vaginalis,2702,ASM1331511v1,JABUHF01,GCA_013315115.1,GCF_013315115.1,yes,NA,NA,NA,PRJNA316969,SAMN15064059,Scaffold,Full,genbank,na,latest,Major,2020-06-09,Loyola University Chicago,Velvet v. 1.2,555x,Illumina HiSeq,genomic DNA,normal,urine,Homo sapiens,NA,NA,"USA: Maywood, IL",2015,NA,NA,NA,NA,NA,NA,1.557387,1.086627e-6,8,414,2.658298804343429e-4,1.9685513779614197,116294,0.07467251235563158,1557387,1556973,414,6,0,349838,3,NA,NA,TRUE
UMB1350,Gardnerella,vaginalis,2702,ASM1331512v1,JABUHB01,GCA_013315125.1,GCF_013315125.1,yes,NA,NA,NA,PRJNA316969,SAMN15064055,Scaffold,Full,genbank,na,latest,Major,2020-06-09,Loyola University Chicago,Velvet v. 1.2,78x,Illumina HiSeq,genomic DNA,normal,urine,Homo sapiens,NA,NA,"USA: Maywood, IL",2015,NA,NA,NA,NA,NA,NA,1.502805,7.937619999999999e-7,12,230,1.5304713519052705e-4,1.9767148809277155,105699,0.070334474532624,1502805,1502575,230,3,0,272788,2,NA,NA,FALSE
UMB0742,Gardnerella,vaginalis,2702,ASM1331513v1,JABUHE01,GCA_013315135.1,GCF_013315135.1,yes,NA,NA,NA,PRJNA316969,SAMN15064058,Contig,Full,genbank,na,latest,Major,2020-06-09,Loyola University Chicago,Velvet v. 1.2,200x,Illumina HiSeq,genomic DNA,normal,urine,Homo sapiens,NA,NA,"USA: Maywood, IL",2015,NA,NA,NA,NA,NA,NA,1.472679,1.4726790000000002e-6,1,1,6.790346029243305e-7,1.9822379284376845,103831,0.07050484185623615,1472679,1472679,0,0,0,1472679,1,NA,NA,TRUE
UMB1698,Gardnerella,vaginalis,2702,ASM1331514v1,JABUHD01,GCA_013315145.1,GCF_013315145.1,yes,NA,NA,NA,PRJNA316969,SAMN15064057,Scaffold,Full,genbank,na,latest,Major,2020-06-09,Loyola University Chicago,Velvet v. 1.2,420x,Illumina HiSeq,genomic DNA,normal,urine,Homo sapiens,NA,NA,"USA: Maywood, IL",2015,NA,NA,NA,NA,NA,NA,1.586334,1.227954e-6,5,34,2.1433065167865028e-5,1.9717113788776444,109652,0.069122895934904,1586334,1586301,33,1,0,1227954,1,NA,NA,TRUE
UMB1489,Gardnerella,vaginalis,2702,ASM1331519v1,JABUHC01,GCA_013315195.1,GCF_013315195.1,yes,NA,NA,NA,PRJNA316969,SAMN15064056,Scaffold,Full,genbank,na,latest,Major,2020-06-09,Loyola University Chicago,Velvet v. 1.2,465x,Illumina HiSeq,genomic DNA,normal,urine,Homo sapiens,NA,NA,"USA: Maywood, IL",2015,NA,NA,NA,NA,NA,NA,1.49209,1.3959490000000001e-6,4,73,4.892466272141761e-5,1.9781536559967412,105205,0.07050848139187314,1492090,1492018,72,1,0,811005,1,NA,NA,TRUE
UMB0769,Gardnerella,vaginalis,2702,ASM1331521v1,JABUHA01,GCA_013315215.1,GCF_013315215.1,yes,NA,NA,NA,PRJNA316969,SAMN15064054,Contig,Full,genbank,na,latest,Major,2020-06-09,Loyola University Chicago,Velvet v. 1.2,481x,Illumina HiSeq,genomic DNA,normal,urine,Homo sapiens,NA,NA,"USA: Maywood, IL",2015,NA,NA,NA,NA,NA,NA,1.552587,1.4453959999999998e-6,5,0,0,1.9754400461785542,107860,0.06947114718853115,1552587,1552587,0,0,0,1445396,1,NA,NA,TRUE
UMB0662,Gardnerella,vaginalis,2702,ASM1331525v1,JABUGZ01,GCA_013315255.1,GCF_013315255.1,yes,NA,NA,NA,PRJNA316969,SAMN15064053,Scaffold,Full,genbank,na,latest,Major,2020-06-09,Loyola University Chicago,Velvet v. 1.2,200x,Illumina HiSeq,genomic DNA,normal,urine,Homo sapiens,NA,NA,"USA: Maywood, IL",2015,NA,NA,NA,NA,NA,NA,1.502587,7.936779999999999e-7,12,145,9.650023592643887e-5,1.9767331151297134,105685,0.07033536161300477,1502587,1502442,145,2,0,768433,1,NA,NA,TRUE
DSM_4944,Gardnerella,vaginalis,2702,IMG-taxon 2630968301 annotated assembly,NA,GCA_900105405.1,GCF_900105405.1,yes,NA,LT629773.1,NZ_LT629773.1,PRJEB16365,SAMN04488545,Chromosome,Full,genbank,na,latest,Major,2016-10-21,DOE - JOINT GENOME INSTITUTE,NA,1165x,NA,genomic DNA,NA,NA,NA,NA,type strain of Gardnerella vaginalis,NA,NA,NA,NA,NA,NA,NA,NA,1.684415,1.684415e-6,1,100,5.936779237895649e-5,1.9781729598917943,111085,0.06594871216416381,1684415,1684315,100,1,0,1684315,1,NA,NA,FALSE
NCTC10287,Gardnerella,vaginalis,2702,52295_C01,NA,GCA_900637625.1,GCF_900637625.1,yes,NA,LR134385.1,NZ_LR134385.1,PRJEB6403,SAMEA4535760,Complete Genome,Full,genbank,na,latest,Major,2018-12-20,SC,NA,100x,NA,genomic DNA,NA,Vagina,NA,NA,type strain of Gardnerella vaginalis,NA,NA,NA,NA,NA,NA,NA,NA,1.667383,1.667383e-6,1,0,0,1.9783516193876773,110183,0.06608139821504717,1667383,1667383,0,0,0,NA,NA,NA,NA,FALSE
NA,UNKNOWN,UNKNOWN,2702,MGYG-HGUT-00021,CABIWN01,GCA_902362445.1,GCF_902362445.1,yes,NA,NA,NA,PRJEB33885,SAMEA5849522,Scaffold,Full,genbank,na,latest,Major,2019-08-22,EMG,NA,10x,NA,genomic DNA,normal,human gut,NA,NA,NA,NA,NA,NA,MGYG-HGUT-00021,NA,NA,NA,NA,1.947461,1.00294e-7,36,1470,7.548289798871454e-4,1.9659935786946428,87958,0.04516547443055342,1947461,1945991,1470,6,0,80261,10,NA,NA,FALSE
NA,Gardnerella,sp.,293424,MGYG-HGUT-01287,CABKMS01,GCA_902373565.1,NA,NA,derived from environmental source,NA,NA,PRJEB33885,SAMEA5850790,Contig,Full,genbank,na,latest,Major,2019-08-22,EMG,NA,10x,NA,genomic DNA,normal,human gut,NA,NA,NA,NA,NA,NA,MGYG-HGUT-01287,TRUE,NA,NA,NA,1.59452,7.6496e-8,37,0,0,1.9795819644585317,111508,0.06993201715876879,1594520,1594520,0,0,0,76496,6,NA,NA,FALSE
