OTU	SampleID	SubjectID	Abundance	propGard	GWcoll	RNAlater	Var
GCAAGCGTTATCCGGAATTATTGGGCGTAAAGAGCTTGTAGGCGGTTCGTCGCGTCTGGTGTGAAAGCCCATCGCTTAACGGTGGGTTTGCGCCGGGTACGGGCGGGCTAGAGTGCAGTAGGGGAGACTGGAATTCTCGGTGTAACGGTGGAATGTGTAGATATCGGGAAGAACACCAATGGCGAAGGCAGGTCTCTGGGCTGTTACTGACGCTGAGAAGCGAAAGCGTGGGGAG	4007235278	40072	130305	1	28	Yes	G2: Clades 1/2
GCAAGCGTTATCCGGAATTATTGGGCGTAAAGAGCTTGTAGGCGGTTCGTCGCGTCTGGTGTGAAAGCCCATCGCTTAACGGTGGGTTTGCGCCGGGTACGGGCGGGCTAGAGTGCAGTAGGGGAGACTGGAATTCTCGGTGTAACGGTGGAATGTGTAGATATCGGGAAGAACACCAATGGCGAAGGCAGGTCTCTGGGCTGTTACTGACGCTGAGAAGCGAAAGCGTGGGGAG	1062101108	10621	128758	1	11	No	G2: Clades 1/2
GCAAGCGTTATCCGGAATTATTGGGCGTAAAGAGCTTGTAGGCGGTTCGTCGCGTCTGGTGTGAAAGCCCATCGCTTAACGGTGGGTTTGCGCCGGGTACGGGCGGGCTAGAGTGCAGTAGGGGAGACTGGAATTCTCGGTGTAACGGTGGAATGTGTAGATATCGGGAAGAACACCAATGGCGAAGGCAGGTCTCTGGGCTGTTACTGACGCTGAGAAGCGAAAGCGTGGGGAG	1062101338	10621	126637	1	34	No	G2: Clades 1/2
GCAAGCGTTATCCGGAATTATTGGGCGTAAAGAGCTTGTAGGCGGTTCGTCGCGTCTGGTGTGAAAGCCCATCGCTTAACGGTGGGTCTGCGCCGGGTACGGGCGGGCTAGAGTGCAGTAGGGGAGACTGGAATTCCCGGTGTAACGGTGGAATGTGTAGATATCGGGAAGAACACCAATGGCGAAGGCAGGTCTCTGGGCTGTTACTGACGCTGAGAAGCGAAAGCGTGGGGAG	4006935358	40069	101827	0.9803311832097814	35	Yes	G1: Clades 3/4
GCAAGCGTTATCCGGAATTATTGGGCGTAAAGAGCTTGTAGGCGGTTCGTCGCGTCTGGTGTGAAAGCCCATCGCTTAACGGTGGGTCTGCGCCGGGTACGGGCGGGCTAGAGTGCAGTAGGGGAGACTGGAATTCCCGGTGTAACGGTGGAATGTGTAGATATCGGGAAGAACACCAATGGCGAAGGCAGGTCTCTGGGCTGTTACTGACGCTGAGAAGCGAAAGCGTGGGGAG	1061635208	10616	95703	0.7875752987260937	21	Yes	G1: Clades 3/4
GCAAGCGTTATCCGGAATTATTGGGCGTAAAGAGCTTGTAGGCGGTTCGTCGCGTCTGGTGTGAAAGCCCATCGCTTAACGGTGGGTTTGCGCCGGGTACGGGCGGGCTAGAGTGCAGTAGGGGAGACTGGAATTCTCGGTGTAACGGTGGAATGTGTAGATATCGGGAAGAACACCAATGGCGAAGGCAGGTCTCTGGGCTGTTACTGACGCTGAGAAGCGAAAGCGTGGGGAG	1062101238	10621	74497	1	24	No	G2: Clades 1/2
GCAAGCGTTATCCGGAATTATTGGGCGTAAAGAGCTTGTAGGCGGTTCGTCGCGTCTGGTGTGAAAGCCCATCGCTTAACGGTGGGTCTGCGCCGGGTACGGGCGGGCTAGAGTGCAGTAGGGGAGACTGGAATTCCCGGTGTAACGGTGGAATGTGTAGATATCGGGAAGAACACCAATGGCGAAGGCAGGTCTCTGGGCTGTTACTGACGCTGAGAAGCGAAAGCGTGGGGAG	1902401208	19024	67611	0.9234835343449934	21	No	G1: Clades 3/4
GCAAGCGTTATCCGGAATTATTGGGCGTAAAGAGCTTGTAGGCGGTTCGTCGCGTCTGGTGTGAAAGCCCATCGCTTAACGGTGGGTCTGCGCCGGGTACGGGCGGGCTAGAGTGCAGTAGGGGAGACTGGAATTCCCGGTGTAACGGTGGAATGTGTAGATATCGGGAAGAACACCAATGGCGAAGGCAGGTCTCTGGGCTGTTACTGACGCTGAGAAGCGAAAGCGTGGGGAG	4008435158	40084	57046	0.9495796920516022	16	Yes	G1: Clades 3/4
GCAAGCGTTATCCGGAATTATTGGGCGTAAAGAGCTTGTAGGCGGTTCGTCGCGTCTGGTGTGAAAGCCCATCGCTTAACGGTGGGTCTGCGCCGGGTACGGGCGGGCTAGAGTGCAGTAGGGGAGACTGGAATTCCCGGTGTAACGGTGGAATGTGTAGATATCGGGAAGAACACCAATGGCGAAGGCAGGTCTCTGGGCTGTTACTGACGCTGAGAAGCGAAAGCGTGGGGAG	1902401308	19024	56894	0.8161643403290824	31	No	G1: Clades 3/4
GCAAGCGTTATCCGGAATTATTGGGCGTAAAGAGCTTGTAGGCGGTTCGTCGCGTCTGGTGTGAAAGCCCATCGCTTAACGGTGGGTTTGCGCCGGGTACGGGCGGGCTAGAGTGCAGTAGGGGAGACTGGAATTCCCGGTGTAACGGTGGAATGTGTAGATATCGGGAAGAACACCAATGGCGAAGGCAGGTCTCTGGGCTGTTACTGACGCTGAGAAGCGAAAGCGTGGGGAG	1062735148	10627	54049	0.742574121396972	14	Yes	G3: indetereminant
GCAAGCGTTATCCGGAATTATTGGGCGTAAAGAGCTTGTAGGCGGTTCGTCGCGTCTGGTGTGAAAGCCCATCGCTTAACGGTGGGTTTGCGCCGGGTACGGGCGGGCTAGAGTGCAGTAGGGGAGACTGGAATTCTCGGTGTAACGGTGGAATGTGTAGATATCGGGAAGAACACCAATGGCGAAGGCAGGTCTCTGGGCTGTTACTGACGCTGAGAAGCGAAAGCGTGGGGAG	1005601168	10056	53809	1	17	No	G2: Clades 1/2
GCAAGCGTTATCCGGAATTATTGGGCGTAAAGAGCTTGTAGGCGGTTCGTCGCGTCTGGTGTGAAAGCCCATCGCTTAACGGTGGGTCTGCGCCGGGTACGGGCGGGCTAGAGTGCAGTAGGGGAGACTGGAATTCCCGGTGTAACGGTGGAATGTGTAGATATCGGGAAGAACACCAATGGCGAAGGCAGGTCTCTGGGCTGTTACTGACGCTGAGAAGCGAAAGCGTGGGGAG	1062901218	10629	50697	0.6472893950614131	22	No	G1: Clades 3/4
GCAAGCGTTATCCGGAATTATTGGGCGTAAAGAGCTTGTAGGCGGTTCGTCGCGTCTGGTGTGAAAGCCCATCGCTTAACGGTGGGTCTGCGCCGGGTACGGGCGGGCTAGAGTGCAGTAGGGGAGACTGGAATTCCCGGTGTAACGGTGGAATGTGTAGATATCGGGAAGAACACCAATGGCGAAGGCAGGTCTCTGGGCTGTTACTGACGCTGAGAAGCGAAAGCGTGGGGAG	4002101198	40021	49533	0.7193081815805524	20	No	G1: Clades 3/4
GCAAGCGTTATCCGGAATTATTGGGCGTAAAGAGCTTGTAGGCGGTTCGTCGCGTCTGGTGTGAAAGCCCATCGCTTAACGGTGGGTCTGCGCCGGGTACGGGCGGGCTAGAGTGCAGTAGGGGAGACTGGAATTCCCGGTGTAACGGTGGAATGTGTAGATATCGGGAAGAACACCAATGGCGAAGGCAGGTCTCTGGGCTGTTACTGACGCTGAGAAGCGAAAGCGTGGGGAG	1061635368	10616	47930	0.7596240708750019	37	Yes	G1: Clades 3/4
GCAAGCGTTATCCGGAATTATTGGGCGTAAAGAGCTTGTAGGCGGTTCGTCGCGTCTGGTGTGAAAGCCCATCGCTTAACGGTGGGTCTGCGCCGGGTACGGGCGGGCTAGAGTGCAGTAGGGGAGACTGGAATTCCCGGTGTAACGGTGGAATGTGTAGATATCGGGAAGAACACCAATGGCGAAGGCAGGTCTCTGGGCTGTTACTGACGCTGAGAAGCGAAAGCGTGGGGAG	1062901138	10629	47652	0.766540657926486	13	No	G1: Clades 3/4
GCAAGCGTTATCCGGAATTATTGGGCGTAAAGAGCTTGTAGGCGGTTCGTCGCGTCTGGTGTGAAAGCCCATCGCTTAACGGTGGGTTTGCGCCGGGTACGGGCGGGCTAGAGTGCAGTAGGGGAGACTGGAATTCTCGGTGTAACGGTGGAATGTGTAGATATCGGGAAGAACACCAATGGCGAAGGCAGGTCTCTGGGCTGTTACTGACGCTGAGAAGCGAAAGCGTGGGGAG	4004735368	40047	46468	0.6416016568864342	36	Yes	G2: Clades 1/2
GCAAGCGTTATCCGGAATTATTGGGCGTAAAGAGCTTGTAGGCGGTTCGTCGCGTCTGGTGTGAAAGCCCATCGCTTAACGGTGGGTCTGCGCCGGGTACGGGCGGGCTAGAGTGCAGTAGGGGAGACTGGAATTCCCGGTGTAACGGTGGAATGTGTAGATATCGGGAAGAACACCAATGGCGAAGGCAGGTCTCTGGGCTGTTACTGACGCTGAGAAGCGAAAGCGTGGGGAG	4009035168	40090	45474	0.8004576659038901	17	Yes	G1: Clades 3/4
GCAAGCGTTATCCGGAATTATTGGGCGTAAAGAGCTTGTAGGCGGTTCGTCGCGTCTGGTGTGAAAGCCCATCGCTTAACGGTGGGTTTGCGCCGGGTACGGGCGGGCTAGAGTGCAGTAGGGGAGACTGGAATTCCCGGTGTAACGGTGGAATGTGTAGATATCGGGAAGAACACCAATGGCGAAGGCAGGTCTCTGGGCTGTTACTGACGCTGAGAAGCGAAAGCGTGGGGAG	1062701128	10627	43024	0.654875338670888	12	No	G3: indetereminant
GCAAGCGTTATCCGGAATTATTGGGCGTAAAGAGCTTGTAGGCGGTTCGTCGCGTCTGGTGTGAAAGCCCATCGCTTAACGGTGGGTCTGCGCCGGGTACGGGCGGGCTAGAGTGCAGTAGGGGAGACTGGAATTCCCGGTGTAACGGTGGAATGTGTAGATATCGGGAAGAACACCAATGGCGAAGGCAGGTCTCTGGGCTGTTACTGACGCTGAGAAGCGAAAGCGTGGGGAG	1061635088	10616	39786	0.937707699922223	9	Yes	G1: Clades 3/4
GCAAGCGTTATCCGGAATTATTGGGCGTAAAGAGCTTGTAGGCGGTTCGTCGCGTCTGGTGTGAAAGCCCATCGCTTAACGGTGGGTTTGCGCCGGGTACGGGCGGGCTAGAGTGCAGTAGGGGAGACTGGAATTCTCGGTGTAACGGTGGAATGTGTAGATATCGGGAAGAACACCAATGGCGAAGGCAGGTCTCTGGGCTGTTACTGACGCTGAGAAGCGAAAGCGTGGGGAG	4007235168	40072	39394	1	17	Yes	G2: Clades 1/2
GCAAGCGTTATCCGGAATTATTGGGCGTAAAGAGCTTGTAGGCGGTTCGTCGCGTCTGGTGTGAAAGCCCATCGCTTAACGGTGGGTCTGCGCCGGGTACGGGCGGGCTAGAGTGCAGTAGGGGAGACTGGAATTCCCGGTGTAACGGTGGAATGTGTAGATATCGGGAAGAACACCAATGGCGAAGGCAGGTCTCTGGGCTGTTACTGACGCTGAGAAGCGAAAGCGTGGGGAG	1062901318	10629	38986	0.7679851863525333	30	No	G1: Clades 3/4
GCAAGCGTTATCCGGAATTATTGGGCGTAAAGAGCTTGTAGGCGGTTCGTCGCGTCTGGTGTGAAAGCCCATCGCTTAACGGTGGGTTTGCGCCGGGTACGGGCGGGCTAGAGTGCAGTAGGGGAGACTGGAATTCTCGGTGTAACGGTGGAATGTGTAGATATCGGGAAGAACACCAATGGCGAAGGCAGGTCTCTGGGCTGTTACTGACGCTGAGAAGCGAAAGCGTGGGGAG	4002101298	40021	38014	0.9392434462481161	30	No	G2: Clades 1/2
GCAAGCGTTATCCGGAATTATTGGGCGTAAAGAGCTTGTAGGCGGTTCGTCGCGTCTGGTGTGAAAGCCCATCGCTTAACGGTGGGTTTGCGCCGGGTACGGGCGGGCTAGAGTGCAGTAGGGGAGACTGGAATTCTCGGTGTAACGGTGGAATGTGTAGATATCGGGAAGAACACCAATGGCGAAGGCAGGTCTCTGGGCTGTTACTGACGCTGAGAAGCGAAAGCGTGGGGAG	4009035268	40090	37775	0.7751580070590166	27	Yes	G2: Clades 1/2
GCAAGCGTTATCCGGAATTATTGGGCGTAAAGAGCTTGTAGGCGGTTCGTCGCGTCTGGTGTGAAAGCCCATCGCTTAACGGTGGGTTTGCGCCGGGTACGGGCGGGCTAGAGTGCAGTAGGGGAGACTGGAATTCTCGGTGTAACGGTGGAATGTGTAGATATCGGGAAGAACACCAATGGCGAAGGCAGGTCTCTGGGCTGTTACTGACGCTGAGAAGCGAAAGCGTGGGGAG	4005935278	40059	36263	0.6645713447934611	27	Yes	G2: Clades 1/2
GCAAGCGTTATCCGGAATTATTGGGCGTAAAGAGCTTGTAGGCGGTTCGTCGCGTCTGGTGTGAAAGCCCATCGCTTAACGGTGGGTTTGCGCCGGGTACGGGCGGGCTAGAGTGCAGTAGGGGAGACTGGAATTCTCGGTGTAACGGTGGAATGTGTAGATATCGGGAAGAACACCAATGGCGAAGGCAGGTCTCTGGGCTGTTACTGACGCTGAGAAGCGAAAGCGTGGGGAG	4007535198	40075	34335	0.8462732919254659	20	Yes	G2: Clades 1/2
GCAAGCGTTATCCGGAATTATTGGGCGTAAAGAGCTTGTAGGCGGTTCGTCGCGTCTGGTGTGAAAGCCCATCGCTTAACGGTGGGTCTGCGCCGGGTACGGGCGGGCTAGAGTGCAGTAGGGGAGACTGGAATTCCCGGTGTAACGGTGGAATGTGTAGATATCGGGAAGAACACCAATGGCGAAGGCAGGTCTCTGGGCTGTTACTGACGCTGAGAAGCGAAAGCGTGGGGAG	4007435248	40074	32617	0.7468458773155039	25	Yes	G1: Clades 3/4
GCAAGCGTTATCCGGAATTATTGGGCGTAAAGAGCTTGTAGGCGGTTCGTCGCGTCTGGTGTGAAAGCCCATCGCTTAACGGTGGGTCTGCGCCGGGTACGGGCGGGCTAGAGTGCAGTAGGGGAGACTGGAATTCCCGGTGTAACGGTGGAATGTGTAGATATCGGGAAGAACACCAATGGCGAAGGCAGGTCTCTGGGCTGTTACTGACGCTGAGAAGCGAAAGCGTGGGGAG	1062701298	10627	31543	0.9584333505514874	29	No	G1: Clades 3/4
GCAAGCGTTATCCGGAATTATTGGGCGTAAAGAGCTTGTAGGCGGTTCGTCGCGTCTGGTGTGAAAGCCCATCGCTTAACGGTGGGTTTGCGCCGGGTACGGGCGGGCTAGAGTGCAGTAGGGGAGACTGGAATTCCCGGTGTAACGGTGGAATGTGTAGATATCGGGAAGAACACCAATGGCGAAGGCAGGTCTCTGGGCTGTTACTGACGCTGAGAAGCGAAAGCGTGGGGAG	1062735198	10627	30067	0.6917838161194579	19	Yes	G3: indetereminant
GCAAGCGTTATCCGGAATTATTGGGCGTAAAGAGCTTGTAGGCGGTTCGTCGCGTCTGGTGTGAAAGCCCATCGCTTAACGGTGGGTCTGCGCCGGGTACGGGCGGGCTAGAGTGCAGTAGGGGAGACTGGAATTCCCGGTGTAACGGTGGAATGTGTAGATATCGGGAAGAACACCAATGGCGAAGGCAGGTCTCTGGGCTGTTACTGACGCTGAGAAGCGAAAGCGTGGGGAG	4009835228	40098	26389	0.9031452137307916	23	Yes	G1: Clades 3/4
GCAAGCGTTATCCGGAATTATTGGGCGTAAAGAGCTTGTAGGCGGTTCGTCGCGTCTGGTGTGAAAGCCCATCGCTTAACGGTGGGTCTGCGCCGGGTACGGGCGGGCTAGAGTGCAGTAGGGGAGACTGGAATTCCCGGTGTAACGGTGGAATGTGTAGATATCGGGAAGAACACCAATGGCGAAGGCAGGTCTCTGGGCTGTTACTGACGCTGAGAAGCGAAAGCGTGGGGAG	4007435258	40074	25015	0.5717322240760634	28	Yes	G1: Clades 3/4
GCAAGCGTTATCCGGAATTATTGGGCGTAAAGAGCTTGTAGGCGGTTCGTCGCGTCTGGTGTGAAAGCCCATCGCTTAACGGTGGGTTTGCGCCGGGTACGGGCGGGCTAGAGTGCAGTAGGGGAGACTGGAATTCTCGGTGTAACGGTGGAATGTGTAGATATCGGGAAGAACACCAATGGCGAAGGCAGGTCTCTGGGCTGTTACTGACGCTGAGAAGCGAAAGCGTGGGGAG	1062901218	10629	24934	0.31835244248103983	22	No	G2: Clades 1/2
GCAAGCGTTATCCGGAATTATTGGGCGTAAAGAGCTTGTAGGCGGTTCGTCGCGTCTGGTGTGAAAGCCCATCGCTTAACGGTGGGTCTGCGCCGGGTACGGGCGGGCTAGAGTGCAGTAGGGGAGACTGGAATTCCCGGTGTAACGGTGGAATGTGTAGATATCGGGAAGAACACCAATGGCGAAGGCAGGTCTCTGGGCTGTTACTGACGCTGAGAAGCGAAAGCGTGGGGAG	1902401118	19024	24222	0.8330581923235658	12	No	G1: Clades 3/4
GCAAGCGTTATCCGGAATTATTGGGCGTAAAGAGCTTGTAGGCGGTTCGTCGCGTCTGGTGTGAAAGCCCATCGCTTAACGGTGGGTTTGCGCCGGGTACGGGCGGGCTAGAGTGCAGTAGGGGAGACTGGAATTCTCGGTGTAACGGTGGAATGTGTAGATATCGGGAAGAACACCAATGGCGAAGGCAGGTCTCTGGGCTGTTACTGACGCTGAGAAGCGAAAGCGTGGGGAG	1062601228	10626	22540	1	22	No	G2: Clades 1/2
GCAAGCGTTATCCGGAATTATTGGGCGTAAAGAGCTTGTAGGCGGTTCGTCGCGTCTGGTGTGAAAGCCCATCGCTTAACGGTGGGTTTGCGCCGGGTACGGGCGGGCTAGAGTGCAGTAGGGGAGACTGGAATTCTCGGTGTAACGGTGGAATGTGTAGATATCGGGAAGAACACCAATGGCGAAGGCAGGTCTCTGGGCTGTTACTGACGCTGAGAAGCGAAAGCGTGGGGAG	1061635208	10616	22301	0.18352315744428718	21	Yes	G2: Clades 1/2
GCAAGCGTTATCCGGAATTATTGGGCGTAAAGAGCTTGTAGGCGGTTCGTCGCGTCTGGTGTGAAAGCCCATCGCTTAACGGTGGGTCTGCGCCGGGTACGGGCGGGCTAGAGTGCAGTAGGGGAGACTGGAATTCCCGGTGTAACGGTGGAATGTGTAGATATCGGGAAGAACACCAATGGCGAAGGCAGGTCTCTGGGCTGTTACTGACGCTGAGAAGCGAAAGCGTGGGGAG	4006635198	40066	22250	0.5271012982090401	20	Yes	G1: Clades 3/4
GCAAGCGTTATCCGGAATTATTGGGCGTAAAGAGCTTGTAGGCGGTTCGTCGCGTCTGGTGTGAAAGCCCATCGCTTAACGGTGGGTCTGCGCCGGGTACGGGCGGGCTAGAGTGCAGTAGGGGAGACTGGAATTCCCGGTGTAACGGTGGAATGTGTAGATATCGGGAAGAACACCAATGGCGAAGGCAGGTCTCTGGGCTGTTACTGACGCTGAGAAGCGAAAGCGTGGGGAG	4007135118	40071	21670	0.6358754658293964	12	Yes	G1: Clades 3/4
GCAAGCGTTATCCGGAATTATTGGGCGTAAAGAGCTTGTAGGCGGTTCGTCGCGTCTGGTGTGAAAGCCCATCGCTTAACGGTGGGTCTGCGCCGGGTACGGGCGGGCTAGAGTGCAGTAGGGGAGACTGGAATTCCCGGTGTAACGGTGGAATGTGTAGATATCGGGAAGAACACCAATGGCGAAGGCAGGTCTCTGGGCTGTTACTGACGCTGAGAAGCGAAAGCGTGGGGAG	2050501348	20505	21573	0.9532920901458242	34	No	G1: Clades 3/4
GCAAGCGTTATCCGGAATTATTGGGCGTAAAGAGCTTGTAGGCGGTTCGTCGCGTCTGGTGTGAAAGCCCATCGCTTAACGGTGGGTCTGCGCCGGGTACGGGCGGGCTAGAGTGCAGTAGGGGAGACTGGAATTCCCGGTGTAACGGTGGAATGTGTAGATATCGGGAAGAACACCAATGGCGAAGGCAGGTCTCTGGGCTGTTACTGACGCTGAGAAGCGAAAGCGTGGGGAG	4006935248	40069	21398	0.8756752332623997	25	Yes	G1: Clades 3/4
GCAAGCGTTATCCGGAATTATTGGGCGTAAAGAGCTTGTAGGCGGTTCGTCGCGTCTGGTGTGAAAGCCCATCGCTTAACGGTGGGTTTGCGCCGGGTACGGGCGGGCTAGAGTGCAGTAGGGGAGACTGGAATTCCCGGTGTAACGGTGGAATGTGTAGATATCGGGAAGAACACCAATGGCGAAGGCAGGTCTCTGGGCTGTTACTGACGCTGAGAAGCGAAAGCGTGGGGAG	4006635258	40066	20490	0.4601909039865244	26	Yes	G3: indetereminant
GCAAGCGTTATCCGGAATTATTGGGCGTAAAGAGCTTGTAGGCGGTTCGTCGCGTCTGGTGTGAAAGCCCATCGCTTAACGGTGGGTCTGCGCCGGGTACGGGCGGGCTAGAGTGCAGTAGGGGAGACTGGAATTCCCGGTGTAACGGTGGAATGTGTAGATATCGGGAAGAACACCAATGGCGAAGGCAGGTCTCTGGGCTGTTACTGACGCTGAGAAGCGAAAGCGTGGGGAG	4007135108	40071	20051	0.7143976912388214	11	Yes	G1: Clades 3/4
GCAAGCGTTATCCGGAATTATTGGGCGTAAAGAGCTTGTAGGCGGTTCGTCGCGTCTGGTGTGAAAGCCCATCGCTTAACGGTGGGTTTGCGCCGGGTACGGGCGGGCTAGAGTGCAGTAGGGGAGACTGGAATTCTCGGTGTAACGGTGGAATGTGTAGATATCGGGAAGAACACCAATGGCGAAGGCAGGTCTCTGGGCTGTTACTGACGCTGAGAAGCGAAAGCGTGGGGAG	4009035368	40090	19930	0.730491514862735	37	Yes	G2: Clades 1/2
GCAAGCGTTATCCGGAATTATTGGGCGTAAAGAGCTTGTAGGCGGTTCGTCGCGTCTGGTGTGAAAGCCCATCGCTTAACGGTGGGTCTGCGCCGGGTACGGGCGGGCTAGAGTGCAGTAGGGGAGACTGGAATTCCCGGTGTAACGGTGGAATGTGTAGATATCGGGAAGAACACCAATGGCGAAGGCAGGTCTCTGGGCTGTTACTGACGCTGAGAAGCGAAAGCGTGGGGAG	4004935158	40049	18982	0.6288137277636069	16	Yes	G1: Clades 3/4
GCAAGCGTTATCCGGAATTATTGGGCGTAAAGAGCTTGTAGGCGGTTCGTCGCGTCTGGTGTGAAAGCCCATCGCTTAACGGTGGGTCTGCGCCGGGTACGGGCGGGCTAGAGTGCAGTAGGGGAGACTGGAATTCCCGGTGTAACGGTGGAATGTGTAGATATCGGGAAGAACACCAATGGCGAAGGCAGGTCTCTGGGCTGTTACTGACGCTGAGAAGCGAAAGCGTGGGGAG	4009835268	40098	17563	0.9615131939121866	27	Yes	G1: Clades 3/4
GCAAGCGTTATCCGGAATTATTGGGCGTAAAGAGCTTGTAGGCGGTTCGTCGCGTCTGGTGTGAAAGCCCATCGCTTAACGGTGGGTTTGCGCCGGGTACGGGCGGGCTAGAGTGCAGTAGGGGAGACTGGAATTCTCGGTGTAACGGTGGAATGTGTAGATATCGGGAAGAACACCAATGGCGAAGGCAGGTCTCTGGGCTGTTACTGACGCTGAGAAGCGAAAGCGTGGGGAG	4007135148	40071	16786	0.6228802552970426	15	Yes	G2: Clades 1/2
GCAAGCGTTATCCGGAATTATTGGGCGTAAAGAGCTTGTAGGCGGTTCGTCGCGTCTGGTGTGAAAGCCCATCGCTTAACGGTGGGTCTGCGCCGGGTACGGGCGGGCTAGAGTGCAGTAGGGGAGACTGGAATTCCCGGTGTAACGGTGGAATGTGTAGATATCGGGAAGAACACCAATGGCGAAGGCAGGTCTCTGGGCTGTTACTGACGCTGAGAAGCGAAAGCGTGGGGAG	4004935338	40049	16609	0.8089717987433637	33	Yes	G1: Clades 3/4
GCAAGCGTTATCCGGAATTATTGGGCGTAAAGAGCTTGTAGGCGGTTCGTCGCGTCTGGTGTGAAAGCCCATCGCTTAACGGTGGGTCTGCGCCGGGTACGGGCGGGCTAGAGTGCAGTAGGGGAGACTGGAATTCCCGGTGTAACGGTGGAATGTGTAGATATCGGGAAGAACACCAATGGCGAAGGCAGGTCTCTGGGCTGTTACTGACGCTGAGAAGCGAAAGCGTGGGGAG	4006635258	40066	15466	0.3473554183043234	26	Yes	G1: Clades 3/4
GCAAGCGTTATCCGGAATTATTGGGCGTAAAGAGCTTGTAGGCGGTTCGTCGCGTCTGGTGTGAAAGCCCATCGCTTAACGGTGGGTCTGCGCCGGGTACGGGCGGGCTAGAGTGCAGTAGGGGAGACTGGAATTCCCGGTGTAACGGTGGAATGTGTAGATATCGGGAAGAACACCAATGGCGAAGGCAGGTCTCTGGGCTGTTACTGACGCTGAGAAGCGAAAGCGTGGGGAG	4003235368	40032	15372	0.47209852277264214	37	Yes	G1: Clades 3/4
GCAAGCGTTATCCGGAATTATTGGGCGTAAAGAGCTTGTAGGCGGTTCGTCGCGTCTGGTGTGAAAGCCCATCGCTTAACGGTGGGTCTGCGCCGGGTACGGGCGGGCTAGAGTGCAGTAGGGGAGACTGGAATTCCCGGTGTAACGGTGGAATGTGTAGATATCGGGAAGAACACCAATGGCGAAGGCAGGTCTCTGGGCTGTTACTGACGCTGAGAAGCGAAAGCGTGGGGAG	1062701128	10627	15317	0.23314256141739476	12	No	G1: Clades 3/4
GCAAGCGTTATCCGGAATTATTGGGCGTAAAGAGCTTGTAGGCGGTTCGTCGCGTCTGGTGTGAAAGCCCATCGCTTAACGGTGGGTTTGCGCCGGGTACGGGCGGGCTAGAGTGCAGTAGGGGAGACTGGAATTCCCGGTGTAACGGTGGAATGTGTAGATATCGGGAAGAACACCAATGGCGAAGGCAGGTCTCTGGGCTGTTACTGACGCTGAGAAGCGAAAGCGTGGGGAG	4003235288	40032	14772	0.8389844948032033	29	Yes	G3: indetereminant
GCAAGCGTTATCCGGAATTATTGGGCGTAAAGAGCTTGTAGGCGGTTCGTCGCGTCTGGTGTGAAAGCCCATCGCTTAACGGTGGGTCTGCGCCGGGTACGGGCGGGCTAGAGTGCAGTAGGGGAGACTGGAATTCCCGGTGTAACGGTGGAATGTGTAGATATCGGGAAGAACACCAATGGCGAAGGCAGGTCTCTGGGCTGTTACTGACGCTGAGAAGCGAAAGCGTGGGGAG	1062735148	10627	14083	0.1934850108537356	14	Yes	G1: Clades 3/4
GCAAGCGTTATCCGGAATTATTGGGCGTAAAGAGCTTGTAGGCGGTTCGTCGCGTCTGGTGTGAAAGCCCATCGCTTAACGGTGGGTCTGCGCCGGGTACGGGCGGGCTAGAGTGCAGTAGGGGAGACTGGAATTCCCGGTGTAACGGTGGAATGTGTAGATATCGGGAAGAACACCAATGGCGAAGGCAGGTCTCTGGGCTGTTACTGACGCTGAGAAGCGAAAGCGTGGGGAG	4005935278	40059	14055	0.25757797896125795	27	Yes	G1: Clades 3/4
GCAAGCGTTATCCGGAATTATTGGGCGTAAAGAGCTTGTAGGCGGTTCGTCGCGTCTGGTGTGAAAGCCCATCGCTTAACGGTGGGTCTGCGCCGGGTACGGGCGGGCTAGAGTGCAGTAGGGGAGACTGGAATTCCCGGTGTAACGGTGGAATGTGTAGATATCGGGAAGAACACCAATGGCGAAGGCAGGTCTCTGGGCTGTTACTGACGCTGAGAAGCGAAAGCGTGGGGAG	4009835178	40098	13951	0.9144598846355533	18	Yes	G1: Clades 3/4
GCAAGCGTTATCCGGAATTATTGGGCGTAAAGAGCTTGTAGGCGGTTCGTCGCGTCTGGTGTGAAAGCCCATCGCTTAACGGTGGGTTTGCGCCGGGTACGGGCGGGCTAGAGTGCAGTAGGGGAGACTGGAATTCCCGGTGTAACGGTGGAATGTGTAGATATCGGGAAGAACACCAATGGCGAAGGCAGGTCTCTGGGCTGTTACTGACGCTGAGAAGCGAAAGCGTGGGGAG	4006635198	40066	13614	0.32251492466597176	20	Yes	G3: indetereminant
GCAAGCGTTATCCGGAATTATTGGGCGTAAAGAGCTTGTAGGCGGTTCGTCGCGTCTGGTGTGAAAGCCCATCGCTTAACGGTGGGTTTGCGCCGGGTACGGGCGGGCTAGAGTGCAGTAGGGGAGACTGGAATTCCCGGTGTAACGGTGGAATGTGTAGATATCGGGAAGAACACCAATGGCGAAGGCAGGTCTCTGGGCTGTTACTGACGCTGAGAAGCGAAAGCGTGGGGAG	4004235208	40042	13585	0.8618830097703337	21	Yes	G3: indetereminant
GCAAGCGTTATCCGGAATTATTGGGCGTAAAGAGCTTGTAGGCGGTTCGTCGCGTCTGGTGTGAAAGCCCATCGCTTAACGGTGGGTTTGCGCCGGGTACGGGCGGGCTAGAGTGCAGTAGGGGAGACTGGAATTCTCGGTGTAACGGTGGAATGTGTAGATATCGGGAAGAACACCAATGGCGAAGGCAGGTCTCTGGGCTGTTACTGACGCTGAGAAGCGAAAGCGTGGGGAG	1061635368	10616	13192	0.20907491639856093	37	Yes	G2: Clades 1/2
GCAAGCGTTATCCGGAATTATTGGGCGTAAAGAGCTTGTAGGCGGTTCGTCGCGTCTGGTGTGAAAGCCCATCGCTTAACGGTGGGTTTGCGCCGGGTACGGGCGGGCTAGAGTGCAGTAGGGGAGACTGGAATTCTCGGTGTAACGGTGGAATGTGTAGATATCGGGAAGAACACCAATGGCGAAGGCAGGTCTCTGGGCTGTTACTGACGCTGAGAAGCGAAAGCGTGGGGAG	4007435258	40074	13015	0.29746531666400017	28	Yes	G2: Clades 1/2
GCAAGCGTTATCCGGAATTATTGGGCGTAAAGAGCTTGTAGGCGGTTCGTCGCGTCTGGTGTGAAAGCCCATCGCTTAACGGTGGGTTTGCGCCGGGTACGGGCGGGCTAGAGTGCAGTAGGGGAGACTGGAATTCTCGGTGTAACGGTGGAATGTGTAGATATCGGGAAGAACACCAATGGCGAAGGCAGGTCTCTGGGCTGTTACTGACGCTGAGAAGCGAAAGCGTGGGGAG	1062601258	10626	12956	1	25	No	G2: Clades 1/2
GCAAGCGTTATCCGGAATTATTGGGCGTAAAGAGCTTGTAGGCGGTTCGTCGCGTCTGGTGTGAAAGCCCATCGCTTAACGGTGGGTTTGCGCCGGGTACGGGCGGGCTAGAGTGCAGTAGGGGAGACTGGAATTCCCGGTGTAACGGTGGAATGTGTAGATATCGGGAAGAACACCAATGGCGAAGGCAGGTCTCTGGGCTGTTACTGACGCTGAGAAGCGAAAGCGTGGGGAG	4006635278	40066	12928	0.645560770997703	28	Yes	G3: indetereminant
GCAAGCGTTATCCGGAATTATTGGGCGTAAAGAGCTTGTAGGCGGTTCGTCGCGTCTGGTGTGAAAGCCCATCGCTTAACGGTGGGTTTGCGCCGGGTACGGGCGGGCTAGAGTGCAGTAGGGGAGACTGGAATTCCCGGTGTAACGGTGGAATGTGTAGATATCGGGAAGAACACCAATGGCGAAGGCAGGTCTCTGGGCTGTTACTGACGCTGAGAAGCGAAAGCGTGGGGAG	4002101198	40021	12638	0.18352647323632773	20	No	G3: indetereminant
GCAAGCGTTATCCGGAATTATTGGGCGTAAAGAGCTTGTAGGCGGTTCGTCGCGTCTGGTGTGAAAGCCCATCGCTTAACGGTGGGTCTGCGCCGGGTACGGGCGGGCTAGAGTGCAGTAGGGGAGACTGGAATTCCCGGTGTAACGGTGGAATGTGTAGATATCGGGAAGAACACCAATGGCGAAGGCAGGTCTCTGGGCTGTTACTGACGCTGAGAAGCGAAAGCGTGGGGAG	4004735368	40047	12210	0.16858819468415603	36	Yes	G1: Clades 3/4
GCAAGCGTTATCCGGAATTATTGGGCGTAAAGAGCTTGTAGGCGGTTCGTCGCGTCTGGTGTGAAAGCCCATCGCTTAACGGTGGGTTTGCGCCGGGTACGGGCGGGCTAGAGTGCAGTAGGGGAGACTGGAATTCTCGGTGTAACGGTGGAATGTGTAGATATCGGGAAGAACACCAATGGCGAAGGCAGGTCTCTGGGCTGTTACTGACGCTGAGAAGCGAAAGCGTGGGGAG	4003235368	40032	11991	0.3682626454961457	37	Yes	G2: Clades 1/2
GCAAGCGTTATCCGGAATTATTGGGCGTAAAGAGCTTGTAGGCGGTTCGTCGCGTCTGGTGTGAAAGCCCATCGCTTAACGGTGGGTTTGCGCCGGGTACGGGCGGGCTAGAGTGCAGTAGGGGAGACTGGAATTCTCGGTGTAACGGTGGAATGTGTAGATATCGGGAAGAACACCAATGGCGAAGGCAGGTCTCTGGGCTGTTACTGACGCTGAGAAGCGAAAGCGTGGGGAG	1062901138	10629	11948	0.19219818225689697	13	No	G2: Clades 1/2
GCAAGCGTTATCCGGAATTATTGGGCGTAAAGAGCTTGTAGGCGGTTCGTCGCGTCTGGTGTGAAAGCCCATCGCTTAACGGTGGGTTTGCGCCGGGTACGGGCGGGCTAGAGTGCAGTAGGGGAGACTGGAATTCTCGGTGTAACGGTGGAATGTGTAGATATCGGGAAGAACACCAATGGCGAAGGCAGGTCTCTGGGCTGTTACTGACGCTGAGAAGCGAAAGCGTGGGGAG	1902401308	19024	11185	0.16045273924457387	31	No	G2: Clades 1/2
GCAAGCGTTATCCGGAATTATTGGGCGTAAAGAGCTTGTAGGCGGTTCGTCGCGTCTGGTGTGAAAGCCCATCGCTTAACGGTGGGTCTGCGCCGGGTACGGGCGGGCTAGAGTGCAGTAGGGGAGACTGGAATTCCCGGTGTAACGGTGGAATGTGTAGATATCGGGAAGAACACCAATGGCGAAGGCAGGTCTCTGGGCTGTTACTGACGCTGAGAAGCGAAAGCGTGGGGAG	2050501298	20505	10352	1	30	No	G1: Clades 3/4
GCAAGCGTTATCCGGAATTATTGGGCGTAAAGAGCTTGTAGGCGGTTCGTCGCGTCTGGTGTGAAAGCCCATCGCTTAACGGTGGGTTTGCGCCGGGTACGGGCGGGCTAGAGTGCAGTAGGGGAGACTGGAATTCTCGGTGTAACGGTGGAATGTGTAGATATCGGGAAGAACACCAATGGCGAAGGCAGGTCTCTGGGCTGTTACTGACGCTGAGAAGCGAAAGCGTGGGGAG	1005601098	10056	9974	1	10	No	G2: Clades 1/2
GCAAGCGTTATCCGGAATTATTGGGCGTAAAGAGCTTGTAGGCGGTTCGTCGCGTCTGGTGTGAAAGCCCATCGCTTAACGGTGGGTCTGCGCCGGGTACGGGCGGGCTAGAGTGCAGTAGGGGAGACTGGAATTCCCGGTGTAACGGTGGAATGTGTAGATATCGGGAAGAACACCAATGGCGAAGGCAGGTCTCTGGGCTGTTACTGACGCTGAGAAGCGAAAGCGTGGGGAG	4004235248	40042	9491	0.5735089733518641	25	Yes	G1: Clades 3/4
GCAAGCGTTATCCGGAATTATTGGGCGTAAAGAGCTTGTAGGCGGTTCGTCGCGTCTGGTGTGAAAGCCCATCGCTTAACGGTGGGTTTGCGCCGGGTACGGGCGGGCTAGAGTGCAGTAGGGGAGACTGGAATTCTCGGTGTAACGGTGGAATGTGTAGATATCGGGAAGAACACCAATGGCGAAGGCAGGTCTCTGGGCTGTTACTGACGCTGAGAAGCGAAAGCGTGGGGAG	1062901318	10629	9182	0.1808762114884564	30	No	G2: Clades 1/2
GCAAGCGTTATCCGGAATTATTGGGCGTAAAGAGCTTGTAGGCGGTTCGTCGCGTCTGGTGTGAAAGCCCATCGCTTAACGGTGGGTTTGCGCCGGGTACGGGCGGGCTAGAGTGCAGTAGGGGAGACTGGAATTCTCGGTGTAACGGTGGAATGTGTAGATATCGGGAAGAACACCAATGGCGAAGGCAGGTCTCTGGGCTGTTACTGACGCTGAGAAGCGAAAGCGTGGGGAG	4009035168	40090	9089	0.159989438479141	17	Yes	G2: Clades 1/2
GCAAGCGTTATCCGGAATTATTGGGCGTAAAGAGCTTGTAGGCGGTTCGTCGCGTCTGGTGTGAAAGCCCATCGCTTAACGGTGGGTCTGCGCCGGGTACGGGCGGGCTAGAGTGCAGTAGGGGAGACTGGAATTCCCGGTGTAACGGTGGAATGTGTAGATATCGGGAAGAACACCAATGGCGAAGGCAGGTCTCTGGGCTGTTACTGACGCTGAGAAGCGAAAGCGTGGGGAG	4009035268	40090	8964	0.1839448411721251	27	Yes	G1: Clades 3/4
GCAAGCGTTATCCGGAATTATTGGGCGTAAAGAGCTTGTAGGCGGTTCGTCGCGTCTGGTGTGAAAGCCCATCGCTTAACGGTGGGTTTGCGCCGGGTACGGGCGGGCTAGAGTGCAGTAGGGGAGACTGGAATTCCCGGTGTAACGGTGGAATGTGTAGATATCGGGAAGAACACCAATGGCGAAGGCAGGTCTCTGGGCTGTTACTGACGCTGAGAAGCGAAAGCGTGGGGAG	4007535358	40075	8375	1	36	Yes	G3: indetereminant
GCAAGCGTTATCCGGAATTATTGGGCGTAAAGAGCTTGTAGGCGGTTCGTCGCGTCTGGTGTGAAAGCCCATCGCTTAACGGTGGGTCTGCGCCGGGTACGGGCGGGCTAGAGTGCAGTAGGGGAGACTGGAATTCCCGGTGTAACGGTGGAATGTGTAGATATCGGGAAGAACACCAATGGCGAAGGCAGGTCTCTGGGCTGTTACTGACGCTGAGAAGCGAAAGCGTGGGGAG	4006935208	40069	8294	0.6869874927524228	21	Yes	G1: Clades 3/4
GCAAGCGTTATCCGGAATTATTGGGCGTAAAGAGCTTGTAGGCGGTTCGTCGCGTCTGGTGTGAAAGCCCATCGCTTAACGGTGGGTCTGCGCCGGGTACGGGCGGGCTAGAGTGCAGTAGGGGAGACTGGAATTCCCGGTGTAACGGTGGAATGTGTAGATATCGGGAAGAACACCAATGGCGAAGGCAGGTCTCTGGGCTGTTACTGACGCTGAGAAGCGAAAGCGTGGGGAG	2050501168	20505	8241	0.5026839087471026	17	No	G1: Clades 3/4
GCAAGCGTTATCCGGAATTATTGGGCGTAAAGAGCTTGTAGGCGGTTCGTCGCGTCTGGTGTGAAAGCCCATCGCTTAACGGTGGGTTTGCGCCGGGTACGGGCGGGCTAGAGTGCAGTAGGGGAGACTGGAATTCCCGGTGTAACGGTGGAATGTGTAGATATCGGGAAGAACACCAATGGCGAAGGCAGGTCTCTGGGCTGTTACTGACGCTGAGAAGCGAAAGCGTGGGGAG	2050501168	20505	8153	0.4973160912528974	17	No	G3: indetereminant
GCAAGCGTTATCCGGAATTATTGGGCGTAAAGAGCTTGTAGGCGGTTCGTCGCGTCTGGTGTGAAAGCCCATCGCTTAACGGTGGGTTTGCGCCGGGTACGGGCGGGCTAGAGTGCAGTAGGGGAGACTGGAATTCCCGGTGTAACGGTGGAATGTGTAGATATCGGGAAGAACACCAATGGCGAAGGCAGGTCTCTGGGCTGTTACTGACGCTGAGAAGCGAAAGCGTGGGGAG	4007135148	40071	8082	0.2998998107536458	15	Yes	G3: indetereminant
GCAAGCGTTATCCGGAATTATTGGGCGTAAAGAGCTTGTAGGCGGTTCGTCGCGTCTGGTGTGAAAGCCCATCGCTTAACGGTGGGTTTGCGCCGGGTACGGGCGGGCTAGAGTGCAGTAGGGGAGACTGGAATTCTCGGTGTAACGGTGGAATGTGTAGATATCGGGAAGAACACCAATGGCGAAGGCAGGTCTCTGGGCTGTTACTGACGCTGAGAAGCGAAAGCGTGGGGAG	4004735328	40047	7943	0.4759992808773297	33	Yes	G2: Clades 1/2
GCAAGCGTTATCCGGATTTATTGGGCGTAAAGAGCTTGTAGGCGGTTCGTCGCGTCTGGTGTGAAAGCCCATCGCTTAACGGTGGGTCTGCGCCGGGTACGGGCGGGCTAGAGTGCAGTAGGGGAAACTGGAATTCTCGGTGTAACGGTGGAATGTGTAGATATCGGGAAGAACACCAATGGCGAAGGCAGGTTTCTGGGCTGTTACTGACGCTGAGAAGCGAAAGCGTGGGGAG	4004735368	40047	7718	0.10656541249568519	36	Yes	G4: Clade 5
GCAAGCGTTATCCGGAATTATTGGGCGTAAAGAGCTTGTAGGCGGTTCGTCGCGTCTGGTGTGAAAGCCCATCGCTTAACGGTGGGTTTGCGCCGGGTACGGGCGGGCTAGAGTGCAGTAGGGGAGACTGGAATTCCCGGTGTAACGGTGGAATGTGTAGATATCGGGAAGAACACCAATGGCGAAGGCAGGTCTCTGGGCTGTTACTGACGCTGAGAAGCGAAAGCGTGGGGAG	4007135118	40071	6942	0.20370316030399954	12	Yes	G3: indetereminant
GCAAGCGTTATCCGGAATTATTGGGCGTAAAGAGCTTGTAGGCGGTTCGTCGCGTCTGGTGTGAAAGCCCATCGCTTAACGGTGGGTTTGCGCCGGGTACGGGCGGGCTAGAGTGCAGTAGGGGAGACTGGAATTCTCGGTGTAACGGTGGAATGTGTAGATATCGGGAAGAACACCAATGGCGAAGGCAGGTCTCTGGGCTGTTACTGACGCTGAGAAGCGAAAGCGTGGGGAG	4007435248	40074	6780	0.15524465917157054	25	Yes	G2: Clades 1/2
GCAAGCGTTATCCGGAATTATTGGGCGTAAAGAGCTTGTAGGCGGTTCGTCGCGTCTGGTGTGAAAGCCCATCGCTTAACGGTGGGTCTGCGCCGGGTACGGGCGGGCTAGAGTGCAGTAGGGGAGACTGGAATTCCCGGTGTAACGGTGGAATGTGTAGATATCGGGAAGAACACCAATGGCGAAGGCAGGTCTCTGGGCTGTTACTGACGCTGAGAAGCGAAAGCGTGGGGAG	1062735198	10627	6635	0.1526585831626901	19	Yes	G1: Clades 3/4
GCAAGCGTTATCCGGAATTATTGGGCGTAAAGAGCTTGTAGGCGGTTCGTCGCGTCTGGTGTGAAAGCCCATCGCTTAACGGTGGGTCTGCGCCGGGTACGGGCGGGCTAGAGTGCAGTAGGGGAGACTGGAATTCCCGGTGTAACGGTGGAATGTGTAGATATCGGGAAGAACACCAATGGCGAAGGCAGGTCTCTGGGCTGTTACTGACGCTGAGAAGCGAAAGCGTGGGGAG	4009035368	40090	6597	0.2417989224058938	37	Yes	G1: Clades 3/4
GCAAGCGTTATCCGGAATTATTGGGCGTAAAGAGCTTGTAGGCGGTTCGTCGCGTCTGGTGTGAAAGCCCATCGCTTAACGGTGGGTCTGCGCCGGGTACGGGCGGGCTAGAGTGCAGTAGGGGAGACTGGAATTCCCGGTGTAACGGTGGAATGTGTAGATATCGGGAAGAACACCAATGGCGAAGGCAGGTCTCTGGGCTGTTACTGACGCTGAGAAGCGAAAGCGTGGGGAG	4004935268	40049	6564	0.4486671223513329	27	Yes	G1: Clades 3/4
GCAAGCGTTATCCGGAATTATTGGGCGTAAAGAGCTTGTAGGCGGTTCGTCGCGTCTGGTGTGAAAGCCCATCGCTTAACGGTGGGTTTGCGCCGGGTACGGGCGGGCTAGAGTGCAGTAGGGGAGACTGGAATTCCCGGTGTAACGGTGGAATGTGTAGATATCGGGAAGAACACCAATGGCGAAGGCAGGTCTCTGGGCTGTTACTGACGCTGAGAAGCGAAAGCGTGGGGAG	4007535198	40075	6237	0.15372670807453417	20	Yes	G3: indetereminant
GCAAGCGTTATCCGGAATTATTGGGCGTAAAGAGCTTGTAGGCGGTTCGTCGCGTCTGGTGTGAAAGCCCATCGCTTAACGGTGGGTTTGCGCCGGGTACGGGCGGGCTAGAGTGCAGTAGGGGAGACTGGAATTCCCGGTGTAACGGTGGAATGTGTAGATATCGGGAAGAACACCAATGGCGAAGGCAGGTCTCTGGGCTGTTACTGACGCTGAGAAGCGAAAGCGTGGGGAG	4004235248	40042	6180	0.37343646141760833	25	Yes	G3: indetereminant
GCAAGCGTTATCCGGAATTATTGGGCGTAAAGAGCTTGTAGGCGGTTCGTCGCGTCTGGTGTGAAAGCCCATCGCTTAACGGTGGGTCTGCGCCGGGTACGGGCGGGCTAGAGTGCAGTAGGGGAGACTGGAATTCCCGGTGTAACGGTGGAATGTGTAGATATCGGGAAGAACACCAATGGCGAAGGCAGGTCTCTGGGCTGTTACTGACGCTGAGAAGCGAAAGCGTGGGGAG	4007435168	40074	5912	0.8571842830216035	17	Yes	G1: Clades 3/4
GCAAGCGTTATCCGGAATTATTGGGCGTAAAGAGCTTGTAGGCGGTTCGTCGCGTCTGGTGTGAAAGCCCATCGCTTAACGGTGGGTTTGCGCCGGGTACGGGCGGGCTAGAGTGCAGTAGGGGAGACTGGAATTCTCGGTGTAACGGTGGAATGTGTAGATATCGGGAAGAACACCAATGGCGAAGGCAGGTCTCTGGGCTGTTACTGACGCTGAGAAGCGAAAGCGTGGGGAG	4006635258	40066	5765	0.12947782144862438	26	Yes	G2: Clades 1/2
GCAAGCGTTATCCGGAATTATTGGGCGTAAAGAGCTTGTAGGCGGTTCGTCGCGTCTGGTGTGAAAGCCCATCGCTTAACGGTGGGTCTGCGCCGGGTACGGGCGGGCTAGAGTGCAGTAGGGGAGACTGGAATTCCCGGTGTAACGGTGGAATGTGTAGATATCGGGAAGAACACCAATGGCGAAGGCAGGTCTCTGGGCTGTTACTGACGCTGAGAAGCGAAAGCGTGGGGAG	4004235268	40042	5739	0.5001743071291616	27	Yes	G1: Clades 3/4
GCAAGCGTTATCCGGAATTATTGGGCGTAAAGAGCTTGTAGGCGGTTCGTCGCGTCTGGTGTGAAAGCCCATCGCTTAACGGTGGGTTTGCGCCGGGTACGGGCGGGCTAGAGTGCAGTAGGGGAGACTGGAATTCTCGGTGTAACGGTGGAATGTGTAGATATCGGGAAGAACACCAATGGCGAAGGCAGGTCTCTGGGCTGTTACTGACGCTGAGAAGCGAAAGCGTGGGGAG	4004935158	40049	5530	0.18319144002385132	16	Yes	G2: Clades 1/2
GCAAGCGTTATCCGGAATTATTGGGCGTAAAGAGCTTGTAGGCGGTTCGTCGCGTCTGGTGTGAAAGCCCATCGCTTAACGGTGGGTTTGCGCCGGGTACGGGCGGGCTAGAGTGCAGTAGGGGAGACTGGAATTCCCGGTGTAACGGTGGAATGTGTAGATATCGGGAAGAACACCAATGGCGAAGGCAGGTCTCTGGGCTGTTACTGACGCTGAGAAGCGAAAGCGTGGGGAG	4003235368	40032	5198	0.15963883173121218	37	Yes	G3: indetereminant
GCAAGCGTTATCCGGAATTATTGGGCGTAAAGAGCTTGTAGGCGGTTCGTCGCGTCTGGTGTGAAAGCCCATCGCTTAACGGTGGGTTTGCGCCGGGTACGGGCGGGCTAGAGTGCAGTAGGGGAGACTGGAATTCCCGGTGTAACGGTGGAATGTGTAGATATCGGGAAGAACACCAATGGCGAAGGCAGGTCTCTGGGCTGTTACTGACGCTGAGAAGCGAAAGCGTGGGGAG	4004935268	40049	5185	0.35440874914559123	27	Yes	G3: indetereminant
GCAAGCGTTATCCGGAATTATTGGGCGTAAAGAGCTTGTAGGCGGTTCGTCGCGTCTGGTGTGAAAGCCCATCGCTTAACGGTGGGTCTGCGCCGGGTACGGGCGGGCTAGAGTGCAGTAGGGGAGACTGGAATTCCCGGTGTAACGGTGGAATGTGTAGATATCGGGAAGAACACCAATGGCGAAGGCAGGTCTCTGGGCTGTTACTGACGCTGAGAAGCGAAAGCGTGGGGAG	4004735328	40047	5147	0.30844369868760113	33	Yes	G1: Clades 3/4
GCAAGCGTTATCCGGAATTATTGGGCGTAAAGAGCTTGTAGGCGGTTCGTCGCGTCTGGTGTGAAAGCCCATCGCTTAACGGTGGGTTTGCGCCGGGTACGGGCGGGCTAGAGTGCAGTAGGGGAGACTGGAATTCTCGGTGTAACGGTGGAATGTGTAGATATCGGGAAGAACACCAATGGCGAAGGCAGGTCTCTGGGCTGTTACTGACGCTGAGAAGCGAAAGCGTGGGGAG	4007135108	40071	5101	0.18174368475433783	11	Yes	G2: Clades 1/2
GCAAGCGTTATCCGGAATTATTGGGCGTAAAGAGCTTGTAGGCGGTTCGTCGCGTCTGGTGTGAAAGCCCATCGCTTAACGGTGGGTTTGCGCCGGGTACGGGCGGGCTAGAGTGCAGTAGGGGAGACTGGAATTCCCGGTGTAACGGTGGAATGTGTAGATATCGGGAAGAACACCAATGGCGAAGGCAGGTCTCTGGGCTGTTACTGACGCTGAGAAGCGAAAGCGTGGGGAG	4007435258	40074	5091	0.1163577354695678	28	Yes	G3: indetereminant
GCAAGCGTTATCCGGAATTATTGGGCGTAAAGAGCTTGTAGGCGGTTCGTCGCGTCTGGTGTGAAAGCCCATCGCTTAACGGTGGGTTTGCGCCGGGTACGGGCGGGCTAGAGTGCAGTAGGGGAGACTGGAATTCTCGGTGTAACGGTGGAATGTGTAGATATCGGGAAGAACACCAATGGCGAAGGCAGGTCTCTGGGCTGTTACTGACGCTGAGAAGCGAAAGCGTGGGGAG	1902401208	19024	4977	0.06797973037575294	21	No	G2: Clades 1/2
GCAAGCGTTATCCGGAATTATTGGGCGTAAAGAGCTTGTAGGCGGTTCGTCGCGTCTGGTGTGAAAGCCCATCGCTTAACGGTGGGTTTGCGCCGGGTACGGGCGGGCTAGAGTGCAGTAGGGGAGACTGGAATTCCCGGTGTAACGGTGGAATGTGTAGATATCGGGAAGAACACCAATGGCGAAGGCAGGTCTCTGGGCTGTTACTGACGCTGAGAAGCGAAAGCGTGGGGAG	4004735368	40047	4896	0.06760096651708664	36	Yes	G3: indetereminant
GCAAGCGTTATCCGGAATTATTGGGCGTAAAGAGCTTGTAGGCGGTTCGTCGCGTCTGGTGTGAAAGCCCATCGCTTAACGGTGGGTTTGCGCCGGGTACGGGCGGGCTAGAGTGCAGTAGGGGAGACTGGAATTCTCGGTGTAACGGTGGAATGTGTAGATATCGGGAAGAACACCAATGGCGAAGGCAGGTCTCTGGGCTGTTACTGACGCTGAGAAGCGAAAGCGTGGGGAG	1062701128	10627	4797	0.073015921337027	12	No	G2: Clades 1/2
GCAAGCGTTATCCGGAATTATTGGGCGTAAAGAGCTTGTAGGCGGTTCGTCGCGTCTGGTGTGAAAGCCCATCGCTTAACGGTGGGTCTGCGCCGGGTACGGGCGGGCTAGAGTGCAGTAGGGGAGACTGGAATTCCCGGTGTAACGGTGGAATGTGTAGATATCGGGAAGAACACCAATGGCGAAGGCAGGTCTCTGGGCTGTTACTGACGCTGAGAAGCGAAAGCGTGGGGAG	4005935328	40059	4328	0.8243809523809524	32	Yes	G1: Clades 3/4
GCAAGCGTTATCCGGAATTATTGGGCGTAAAGAGCTTGTAGGCGGTTCGTCGCGTCTGGTGTGAAAGCCCATCGCTTAACGGTGGGTTTGCGCCGGGTACGGGCGGGCTAGAGTGCAGTAGGGGAGACTGGAATTCTCGGTGTAACGGTGGAATGTGTAGATATCGGGAAGAACACCAATGGCGAAGGCAGGTCTCTGGGCTGTTACTGACGCTGAGAAGCGAAAGCGTGGGGAG	1005601348	10056	4312	1	34	No	G2: Clades 1/2
GCAAGCGTTATCCGGAATTATTGGGCGTAAAGAGCTTGTAGGCGGTTCGTCGCGTCTGGTGTGAAAGCCCATCGCTTAACGGTGGGTTTGCGCCGGGTACGGGCGGGCTAGAGTGCAGTAGGGGAGACTGGAATTCCCGGTGTAACGGTGGAATGTGTAGATATCGGGAAGAACACCAATGGCGAAGGCAGGTCTCTGGGCTGTTACTGACGCTGAGAAGCGAAAGCGTGGGGAG	4005935278	40059	4248	0.07785067624528094	27	Yes	G3: indetereminant
GCAAGCGTTATCCGGAATTATTGGGCGTAAAGAGCTTGTAGGCGGTTCGTCGCGTCTGGTGTGAAAGCCCATCGCTTAACGGTGGGTTTGCGCCGGGTACGGGCGGGCTAGAGTGCAGTAGGGGAGACTGGAATTCTCGGTGTAACGGTGGAATGTGTAGATATCGGGAAGAACACCAATGGCGAAGGCAGGTCTCTGGGCTGTTACTGACGCTGAGAAGCGAAAGCGTGGGGAG	1902401118	19024	4143	0.1424886504333471	12	No	G2: Clades 1/2
GCAAGCGTTATCCGGAATTATTGGGCGTAAAGAGCTTGTAGGCGGTTCGTCGCGTCTGGTGTGAAAGCCCATCGCTTAACGGTGGGTCTGCGCCGGGTACGGGCGGGCTAGAGTGCAGTAGGGGAGACTGGAATTCCCGGTGTAACGGTGGAATGTGTAGATATCGGGAAGAACACCAATGGCGAAGGCAGGTCTCTGGGCTGTTACTGACGCTGAGAAGCGAAAGCGTGGGGAG	4006635278	40066	4067	0.2030859882153201	28	Yes	G1: Clades 3/4
GCAAGCGTTATCCGGAATTATTGGGCGTAAAGAGCTTGTAGGCGGTTCGTCGCGTCTGGTGTGAAAGCCCATCGCTTAACGGTGGGTCTGCGCCGGGTACGGGCGGGCTAGAGTGCAGTAGGGGAAACTGGAATTCTCGGTGTAACGGTGGAATGTGTAGATATCGGGAAGAACACCAATGGCGAAGGCAGGTTTCTGGGCTGTTACTGACGCTGAGAAGCGAAAGCGTGGGGAG	4006635198	40066	4061	0.09620487065289492	20	Yes	G5: Clade 6
GCAAGCGTTATCCGGAATTATTGGGCGTAAAGAGCTTGTAGGCGGTTCGTCGCGTCTGGTGTGAAAGCCCATCGCTTAACGGTGGGTTTGCGCCGGGTACGGGCGGGCTAGAGTGCAGTAGGGGAGACTGGAATTCCCGGTGTAACGGTGGAATGTGTAGATATCGGGAAGAACACCAATGGCGAAGGCAGGTCTCTGGGCTGTTACTGACGCTGAGAAGCGAAAGCGTGGGGAG	4004935158	40049	3968	0.13144731175671648	16	Yes	G3: indetereminant
GCAAGCGTTATCCGGAATTATTGGGCGTAAAGAGCTTGTAGGCGGTTCGTCGCGTCTGGTGTGAAAGCCCATCGCTTAACGGTGGGTTTGCGCCGGGTACGGGCGGGCTAGAGTGCAGTAGGGGAGACTGGAATTCCCGGTGTAACGGTGGAATGTGTAGATATCGGGAAGAACACCAATGGCGAAGGCAGGTCTCTGGGCTGTTACTGACGCTGAGAAGCGAAAGCGTGGGGAG	4007435248	40074	3949	0.09042199986261534	25	Yes	G3: indetereminant
GCAAGCGTTATCCGGAATTATTGGGCGTAAAGAGCTTGTAGGCGGTTCGTCGCGTCTGGTGTGAAAGCCCATCGCTTAACGGTGGGTTTGCGCCGGGTACGGGCGGGCTAGAGTGCAGTAGGGGAGACTGGAATTCCCGGTGTAACGGTGGAATGTGTAGATATCGGGAAGAACACCAATGGCGAAGGCAGGTCTCTGGGCTGTTACTGACGCTGAGAAGCGAAAGCGTGGGGAG	1061635208	10616	3512	0.028901543829619146	21	Yes	G3: indetereminant
GCAAGCGTTATCCGGAATTATTGGGCGTAAAGAGCTTGTAGGCGGTTCGTCGCGTCTGGTGTGAAAGCCCATCGCTTAACGGTGGGTTTGCGCCGGGTACGGGCGGGCTAGAGTGCAGTAGGGGAGACTGGAATTCTCGGTGTAACGGTGGAATGTGTAGATATCGGGAAGAACACCAATGGCGAAGGCAGGTCTCTGGGCTGTTACTGACGCTGAGAAGCGAAAGCGTGGGGAG	4002101198	40021	3247	0.047152275565624	20	No	G2: Clades 1/2
GCAAGCGTTATCCGGAATTATTGGGCGTAAAGAGCTTGTAGGCGGTTCGTCGCGTCTGGTGTGAAAGCCCATCGCTTAACGGTGGGTTTGCGCCGGGTACGGGCGGGCTAGAGTGCAGTAGGGGAGACTGGAATTCCCGGTGTAACGGTGGAATGTGTAGATATCGGGAAGAACACCAATGGCGAAGGCAGGTCTCTGGGCTGTTACTGACGCTGAGAAGCGAAAGCGTGGGGAG	4004935338	40049	3209	0.15630022892211778	33	Yes	G3: indetereminant
GCAAGCGTTATCCGGAATTATTGGGCGTAAAGAGCTTGTAGGCGGTTCGTCGCGTCTGGTGTGAAAGCCCATCGCTTAACGGTGGGTTTGCGCCGGGTACGGGCGGGCTAGAGTGCAGTAGGGGAGACTGGAATTCTCGGTGTAACGGTGGAATGTGTAGATATCGGGAAGAACACCAATGGCGAAGGCAGGTCTCTGGGCTGTTACTGACGCTGAGAAGCGAAAGCGTGGGGAG	1062735198	10627	3145	0.07236039849987345	19	Yes	G2: Clades 1/2
GCAAGCGTTATCCGGAATTATTGGGCGTAAAGAGCTTGTAGGCGGTTCGTCGCGTCTGGTGTGAAAGCCCATCGCTTAACGGTGGGTCTGCGCCGGGTACGGGCGGGCTAGAGTGCAGTAGGGGAGACTGGAATTCCCGGTGTAACGGTGGAATGTGTAGATATCGGGAAGAACACCAATGGCGAAGGCAGGTCTCTGGGCTGTTACTGACGCTGAGAAGCGAAAGCGTGGGGAG	4006635338	40066	3122	0.7752669481003228	33	Yes	G1: Clades 3/4
GCAAGCGTTATCCGGAATTATTGGGCGTAAAGAGCTTGTAGGCGGTTCGTCGCGTCTGGTGTGAAAGCCCATCGCTTAACGGTGGGTTTGCGCCGGGTACGGGCGGGCTAGAGTGCAGTAGGGGAGACTGGAATTCTCGGTGTAACGGTGGAATGTGTAGATATCGGGAAGAACACCAATGGCGAAGGCAGGTCTCTGGGCTGTTACTGACGCTGAGAAGCGAAAGCGTGGGGAG	4007135118	40071	3027	0.0888230288447431	12	Yes	G2: Clades 1/2
GCAAGCGTTATCCGGATTTATTGGGCGTAAAGAGCTTGTAGGCGGTTCGTCGCGTCTGGTGTGAAAGCCCATCGCTTAACGGTGGGTCTGCGCCGGGTACGGGCGGGCTAGAGTGCAGTAGGGGAAACTGGAATTCTCGGTGTAACGGTGGAATGTGTAGATATCGGGAAGAACACCAATGGCGAAGGCAGGTTTCTGGGCTGTTACTGACGCTGAGAAGCGAAAGCGTGGGGAG	4004235268	40042	2806	0.24455290221370055	27	Yes	G4: Clade 5
GCAAGCGTTATCCGGAATTATTGGGCGTAAAGAGCTTGTAGGCGGTTCGTCGCGTCTGGTGTGAAAGCCCATCGCTTAACGGTGGGTTTGCGCCGGGTACGGGCGGGCTAGAGTGCAGTAGGGGAGACTGGAATTCCCGGTGTAACGGTGGAATGTGTAGATATCGGGAAGAACACCAATGGCGAAGGCAGGTCTCTGGGCTGTTACTGACGCTGAGAAGCGAAAGCGTGGGGAG	4006935248	40069	2770	0.11335734162710755	25	Yes	G3: indetereminant
GCAAGCGTTATCCGGAATTATTGGGCGTAAAGAGCTTGTAGGCGGTTCGTCGCGTCTGGTGTGAAAGCCCATCGCTTAACGGTGGGTTTGCGCCGGGTACGGGCGGGCTAGAGTGCAGTAGGGGAGACTGGAATTCCCGGTGTAACGGTGGAATGTGTAGATATCGGGAAGAACACCAATGGCGAAGGCAGGTCTCTGGGCTGTTACTGACGCTGAGAAGCGAAAGCGTGGGGAG	4004735328	40047	2746	0.16455923772996944	33	Yes	G3: indetereminant
GCAAGCGTTATCCGGAATTATTGGGCGTAAAGAGCTTGTAGGCGGTTCGTCGCGTCTGGTGTGAAAGCCCATCGCTTAACGGTGGGTTTGCGCCGGGTACGGGCGGGCTAGAGTGCAGTAGGGGAGACTGGAATTCTCGGTGTAACGGTGGAATGTGTAGATATCGGGAAGAACACCAATGGCGAAGGCAGGTCTCTGGGCTGTTACTGACGCTGAGAAGCGAAAGCGTGGGGAG	4008435158	40084	2647	0.044061589679567206	16	Yes	G2: Clades 1/2
GCAAGCGTTATCCGGAATTATTGGGCGTAAAGAGCTTGTAGGCGGTTCGTCGCGTCTGGTGTGAAAGCCCATCGCTTAACGGTGGGTCTGCGCCGGGTACGGGCGGGCTAGAGTGCAGTAGGGGAAACTGGAATTCTCGGTGTAACGGTGGAATGTGTAGATATCGGGAAGAACACCAATGGCGAAGGCAGGTTTCTGGGCTGTTACTGACGCTGAGAAGCGAAAGCGTGGGGAG	4004935268	40049	2525	0.17259056732740943	27	Yes	G5: Clade 6
GCAAGCGTTATCCGGAATTATTGGGCGTAAAGAGCTTGTAGGCGGTTCGTCGCGTCTGGTGTGAAAGCCCATCGCTTAACGGTGGGTTTGCGCCGGGTACGGGCGGGCTAGAGTGCAGTAGGGGAGACTGGAATTCCCGGTGTAACGGTGGAATGTGTAGATATCGGGAAGAACACCAATGGCGAAGGCAGGTCTCTGGGCTGTTACTGACGCTGAGAAGCGAAAGCGTGGGGAG	1062901218	10629	2523	0.032213171267332294	22	No	G3: indetereminant
GCAAGCGTTATCCGGAATTATTGGGCGTAAAGAGCTTGTAGGCGGTTCGTCGCGTCTGGTGTGAAAGCCCATCGCTTAACGGTGGGTCTGCGCCGGGTACGGGCGGGCTAGAGTGCAGTAGGGGAGACTGGAATTCCCGGTGTAACGGTGGAATGTGTAGATATCGGGAAGAACACCAATGGCGAAGGCAGGTCTCTGGGCTGTTACTGACGCTGAGAAGCGAAAGCGTGGGGAG	4002101298	40021	2459	0.06075655375188397	30	No	G1: Clades 3/4
GCAAGCGTTATCCGGAATTATTGGGCGTAAAGAGCTTGTAGGCGGTTCGTCGCGTCTGGTGTGAAAGCCCATCGCTTAACGGTGGGTTTGCGCCGGGTACGGGCGGGCTAGAGTGCAGTAGGGGAGACTGGAATTCCCGGTGTAACGGTGGAATGTGTAGATATCGGGAAGAACACCAATGGCGAAGGCAGGTCTCTGGGCTGTTACTGACGCTGAGAAGCGAAAGCGTGGGGAG	1062901138	10629	2448	0.039379071824981904	13	No	G3: indetereminant
GCAAGCGTTATCCGGATTTATTGGGCGTAAAGAGCTTGTAGGCGGTTCGTCGCGTCTGGTGTGAAAGCCCATCGCTTAACGGTGGGTCTGCGCCGGGTACGGGCGGGCTAGAGTGCAGTAGGGGAAACTGGAATTCTCGGTGTAACGGTGGAATGTGTAGATATCGGGAAGAACACCAATGGCGAAGGCAGGTTTCTGGGCTGTTACTGACGCTGAGAAGCGAAAGCGTGGGGAG	1062735148	10627	2413	0.033151979776330616	14	Yes	G4: Clade 5
GCAAGCGTTATCCGGATTTATTGGGCGTAAAGAGCTTGTAGGCGGTTCGTCGCGTCTGGTGTGAAAGCCCATCGCTTAACGGTGGGTCTGCGCCGGGTACGGGCGGGCTAGAGTGCAGTAGGGGAAACTGGAATTCTCGGTGTAACGGTGGAATGTGTAGATATCGGGAAGAACACCAATGGCGAAGGCAGGTTTCTGGGCTGTTACTGACGCTGAGAAGCGAAAGCGTGGGGAG	1062735198	10627	2224	0.051169960656190325	19	Yes	G4: Clade 5
GCAAGCGTTATCCGGAATTATTGGGCGTAAAGAGCTTGTAGGCGGTTCGTCGCGTCTGGTGTGAAAGCCCATCGCTTAACGGTGGGTCTGCGCCGGGTACGGGCGGGCTAGAGTGCAGTAGGGGAAACTGGAATTCTCGGTGTAACGGTGGAATGTGTAGATATCGGGAAGAACACCAATGGCGAAGGCAGGTTTCTGGGCTGTTACTGACGCTGAGAAGCGAAAGCGTGGGGAG	4006635258	40066	2183	0.04902863559797866	26	Yes	G5: Clade 6
GCAAGCGTTATCCGGAATTATTGGGCGTAAAGAGCTTGTAGGCGGTTCGTCGCGTCTGGTGTGAAAGCCCATCGCTTAACGGTGGGTTTGCGCCGGGTACGGGCGGGCTAGAGTGCAGTAGGGGAGACTGGAATTCTCGGTGTAACGGTGGAATGTGTAGATATCGGGAAGAACACCAATGGCGAAGGCAGGTCTCTGGGCTGTTACTGACGCTGAGAAGCGAAAGCGTGGGGAG	1061635088	10616	2170	0.05114426453604846	9	Yes	G2: Clades 1/2
GCAAGCGTTATCCGGAATTATTGGGCGTAAAGAGCTTGTAGGCGGTTCGTCGCGTCTGGTGTGAAAGCCCATCGCTTAACGGTGGGTCTGCGCCGGGTACGGGCGGGCTAGAGTGCAGTAGGGGAGACTGGAATTCCCGGTGTAACGGTGGAATGTGTAGATATCGGGAAGAACACCAATGGCGAAGGCAGGTCTCTGGGCTGTTACTGACGCTGAGAAGCGAAAGCGTGGGGAG	4008435348	40084	2154	0.7523576667830947	35	Yes	G1: Clades 3/4
GCAAGCGTTATCCGGAATTATTGGGCGTAAAGAGCTTGTAGGCGGTTCGTCGCGTCTGGTGTGAAAGCCCATCGCTTAACGGTGGGTTTGCGCCGGGTACGGGCGGGCTAGAGTGCAGTAGGGGAGACTGGAATTCCCGGTGTAACGGTGGAATGTGTAGATATCGGGAAGAACACCAATGGCGAAGGCAGGTCTCTGGGCTGTTACTGACGCTGAGAAGCGAAAGCGTGGGGAG	4007135108	40071	2050	0.0730395125948623	11	Yes	G3: indetereminant
GCAAGCGTTATCCGGAATTATTGGGCGTAAAGAGCTTGTAGGCGGTTCGTCGCGTCTGGTGTGAAAGCCCATCGCTTAACGGTGGGTTTGCGCCGGGTACGGGCGGGCTAGAGTGCAGTAGGGGAGACTGGAATTCTCGGTGTAACGGTGGAATGTGTAGATATCGGGAAGAACACCAATGGCGAAGGCAGGTCTCTGGGCTGTTACTGACGCTGAGAAGCGAAAGCGTGGGGAG	4006635198	40066	2049	0.04854069932720553	20	Yes	G2: Clades 1/2
GCAAGCGTTATCCGGATTTATTGGGCGTAAAGAGCTTGTAGGCGGTTCGTCGCGTCTGGTGTGAAAGCCCATCGCTTAACGGTGGGTCTGCGCCGGGTACGGGCGGGCTAGAGTGCAGTAGGGGAAACTGGAATTCTCGGTGTAACGGTGGAATGTGTAGATATCGGGAAGAACACCAATGGCGAAGGCAGGTTTCTGGGCTGTTACTGACGCTGAGAAGCGAAAGCGTGGGGAG	1062701128	10627	1994	0.03035100003044233	12	No	G4: Clade 5
GCAAGCGTTATCCGGAATTATTGGGCGTAAAGAGCTTGTAGGCGGTTCGTCGCGTCTGGTGTGAAAGCCCATCGCTTAACGGTGGGTTTGCGCCGGGTACGGGCGGGCTAGAGTGCAGTAGGGGAGACTGGAATTCCCGGTGTAACGGTGGAATGTGTAGATATCGGGAAGAACACCAATGGCGAAGGCAGGTCTCTGGGCTGTTACTGACGCTGAGAAGCGAAAGCGTGGGGAG	4009035268	40090	1993	0.04089715176885825	27	Yes	G3: indetereminant
GCAAGCGTTATCCGGAATTATTGGGCGTAAAGAGCTTGTAGGCGGTTCGTCGCGTCTGGTGTGAAAGCCCATCGCTTAACGGTGGGTTTGCGCCGGGTACGGGCGGGCTAGAGTGCAGTAGGGGAGACTGGAATTCCCGGTGTAACGGTGGAATGTGTAGATATCGGGAAGAACACCAATGGCGAAGGCAGGTCTCTGGGCTGTTACTGACGCTGAGAAGCGAAAGCGTGGGGAG	1061635368	10616	1975	0.03130101272643707	37	Yes	G3: indetereminant
GCAAGCGTTATCCGGAATTATTGGGCGTAAAGAGCTTGTAGGCGGTTCGTCGCGTCTGGTGTGAAAGCCCATCGCTTAACGGTGGGTTTGCGCCGGGTACGGGCGGGCTAGAGTGCAGTAGGGGAGACTGGAATTCCCGGTGTAACGGTGGAATGTGTAGATATCGGGAAGAACACCAATGGCGAAGGCAGGTCTCTGGGCTGTTACTGACGCTGAGAAGCGAAAGCGTGGGGAG	4004235268	40042	1899	0.16550461913892278	27	Yes	G3: indetereminant
GCAAGCGTTATCCGGATTTATTGGGCGTAAAGAGCTTGTAGGCGGTTCGTCGCGTCTGGTGTGAAAGCCCATCGCTTAACGGTGGGTCTGCGCCGGGTACGGGCGGGCTAGAGTGCAGTAGGGGAAACTGGAATTCTCGGTGTAACGGTGGAATGTGTAGATATCGGGAAGAACACCAATGGCGAAGGCAGGTTTCTGGGCTGTTACTGACGCTGAGAAGCGAAAGCGTGGGGAG	4002101198	40021	1876	0.027242891580261972	20	No	G4: Clade 5
GCAAGCGTTATCCGGAATTATTGGGCGTAAAGAGCTTGTAGGCGGTTCGTCGCGTCTGGTGTGAAAGCCCATCGCTTAACGGTGGGTCTGCGCCGGGTACGGGCGGGCTAGAGTGCAGTAGGGGAGACTGGAATTCCCGGTGTAACGGTGGAATGTGTAGATATCGGGAAGAACACCAATGGCGAAGGCAGGTCTCTGGGCTGTTACTGACGCTGAGAAGCGAAAGCGTGGGGAG	4007135148	40071	1829	0.06786893762291736	15	Yes	G1: Clades 3/4
GCAAGCGTTATCCGGAATTATTGGGCGTAAAGAGCTTGTAGGCGGTTCGTCGCGTCTGGTGTGAAAGCCCATCGCTTAACGGTGGGTCTGCGCCGGGTACGGGCGGGCTAGAGTGCAGTAGGGGAAACTGGAATTCTCGGTGTAACGGTGGAATGTGTAGATATCGGGAAGAACACCAATGGCGAAGGCAGGTTTCTGGGCTGTTACTGACGCTGAGAAGCGAAAGCGTGGGGAG	4004935158	40049	1707	0.056547520455825354	16	Yes	G5: Clade 6
GCAAGCGTTATCCGGAATTATTGGGCGTAAAGAGCTTGTAGGCGGTTCGTCGCGTCTGGTGTGAAAGCCCATCGCTTAACGGTGGGTCTGCGCCGGGTACGGGCGGGCTAGAGTGCAGTAGGGGAGACTGGAATTCCCGGTGTAACGGTGGAATGTGTAGATATCGGGAAGAACACCAATGGCGAAGGCAGGTCTCTGGGCTGTTACTGACGCTGAGAAGCGAAAGCGTGGGGAG	4003235288	40032	1695	0.09626852956210598	29	Yes	G1: Clades 3/4
GCAAGCGTTATCCGGAATTATTGGGCGTAAAGAGCTTGTAGGCGGTTCGTCGCGTCTGGTGTGAAAGCCCATCGCTTAACGGTGGGTCTGCGCCGGGTACGGGCGGGCTAGAGTGCAGTAGGGGAAACTGGAATTCTCGGTGTAACGGTGGAATGTGTAGATATCGGGAAGAACACCAATGGCGAAGGCAGGTTTCTGGGCTGTTACTGACGCTGAGAAGCGAAAGCGTGGGGAG	4007135118	40071	1635	0.04797675988145192	12	Yes	G5: Clade 6
GCAAGCGTTATCCGGAATTATTGGGCGTAAAGAGCTTGTAGGCGGTTCGTCGCGTCTGGTGTGAAAGCCCATCGCTTAACGGTGGGTTTGCGCCGGGTACGGGCGGGCTAGAGTGCAGTAGGGGAGACTGGAATTCCCGGTGTAACGGTGGAATGTGTAGATATCGGGAAGAACACCAATGGCGAAGGCAGGTCTCTGGGCTGTTACTGACGCTGAGAAGCGAAAGCGTGGGGAG	1902401308	19024	1630	0.023382920426343802	31	No	G3: indetereminant
GCAAGCGTTATCCGGAATTATTGGGCGTAAAGAGCTTGTAGGCGGTTCGTCGCGTCTGGTGTGAAAGCCCATCGCTTAACGGTGGGTTTGCGCCGGGTACGGGCGGGCTAGAGTGCAGTAGGGGAGACTGGAATTCTCGGTGTAACGGTGGAATGTGTAGATATCGGGAAGAACACCAATGGCGAAGGCAGGTCTCTGGGCTGTTACTGACGCTGAGAAGCGAAAGCGTGGGGAG	4009835228	40098	1609	0.05506690851842979	23	Yes	G2: Clades 1/2
GCAAGCGTTATCCGGAATTATTGGGCGTAAAGAGCTTGTAGGCGGTTCGTCGCGTCTGGTGTGAAAGCCCATCGCTTAACGGTGGGTCTGCGCCGGGTACGGGCGGGCTAGAGTGCAGTAGGGGAAACTGGAATTCTCGGTGTAACGGTGGAATGTGTAGATATCGGGAAGAACACCAATGGCGAAGGCAGGTTTCTGGGCTGTTACTGACGCTGAGAAGCGAAAGCGTGGGGAG	4002101198	40021	1568	0.022770178037233888	20	No	G5: Clade 6
GCAAGCGTTATCCGGAATTATTGGGCGTAAAGAGCTTGTAGGCGGTTCGTCGCGTCTGGTGTGAAAGCCCATCGCTTAACGGTGGGTTTGCGCCGGGTACGGGCGGGCTAGAGTGCAGTAGGGGAGACTGGAATTCCCGGTGTAACGGTGGAATGTGTAGATATCGGGAAGAACACCAATGGCGAAGGCAGGTCTCTGGGCTGTTACTGACGCTGAGAAGCGAAAGCGTGGGGAG	4006935208	40069	1486	0.12308456887269113	21	Yes	G3: indetereminant
GCAAGCGTTATCCGGAATTATTGGGCGTAAAGAGCTTGTAGGCGGTTCGTCGCGTCTGGTGTGAAAGCCCATCGCTTAACGGTGGGTCTGCGCCGGGTACGGGCGGGCTAGAGTGCAGTAGGGGAAACTGGAATTCTCGGTGTAACGGTGGAATGTGTAGATATCGGGAAGAACACCAATGGCGAAGGCAGGTTTCTGGGCTGTTACTGACGCTGAGAAGCGAAAGCGTGGGGAG	1062735198	10627	1392	0.03202724156178819	19	Yes	G5: Clade 6
GCAAGCGTTATCCGGAATTATTGGGCGTAAAGAGCTTGTAGGCGGTTCGTCGCGTCTGGTGTGAAAGCCCATCGCTTAACGGTGGGTTTGCGCCGGGTACGGGCGGGCTAGAGTGCAGTAGGGGAGACTGGAATTCTCGGTGTAACGGTGGAATGTGTAGATATCGGGAAGAACACCAATGGCGAAGGCAGGTCTCTGGGCTGTTACTGACGCTGAGAAGCGAAAGCGTGGGGAG	4006635278	40066	1369	0.0683611305303106	28	Yes	G2: Clades 1/2
GCAAGCGTTATCCGGAATTATTGGGCGTAAAGAGCTTGTAGGCGGTTCGTCGCGTCTGGTGTGAAAGCCCATCGCTTAACGGTGGGTTTGCGCCGGGTACGGGCGGGCTAGAGTGCAGTAGGGGAGACTGGAATTCCCGGTGTAACGGTGGAATGTGTAGATATCGGGAAGAACACCAATGGCGAAGGCAGGTCTCTGGGCTGTTACTGACGCTGAGAAGCGAAAGCGTGGGGAG	1062701298	10627	1368	0.041566649448512655	29	No	G3: indetereminant
GCAAGCGTTATCCGGAATTATTGGGCGTAAAGAGCTTGTAGGCGGTTCGTCGCGTCTGGTGTGAAAGCCCATCGCTTAACGGTGGGTTTGCGCCGGGTACGGGCGGGCTAGAGTGCAGTAGGGGAGACTGGAATTCTCGGTGTAACGGTGGAATGTGTAGATATCGGGAAGAACACCAATGGCGAAGGCAGGTCTCTGGGCTGTTACTGACGCTGAGAAGCGAAAGCGTGGGGAG	1062735148	10627	1345	0.018478828346110514	14	Yes	G2: Clades 1/2
GCAAGCGTTATCCGGAATTATTGGGCGTAAAGAGCTTGTAGGCGGTTCGTCGCGTCTGGTGTGAAAGCCCATCGCTTAACGGTGGGTTTGCGCCGGGTACGGGCGGGCTAGAGTGCAGTAGGGGAGACTGGAATTCCCGGTGTAACGGTGGAATGTGTAGATATCGGGAAGAACACCAATGGCGAAGGCAGGTCTCTGGGCTGTTACTGACGCTGAGAAGCGAAAGCGTGGGGAG	4009035168	40090	1338	0.023552191515578243	17	Yes	G3: indetereminant
GCAAGCGTTATCCGGAATTATTGGGCGTAAAGAGCTTGTAGGCGGTTCGTCGCGTCTGGTGTGAAAGCCCATCGCTTAACGGTGGGTTTGCGCCGGGTACGGGCGGGCTAGAGTGCAGTAGGGGAGACTGGAATTCTCGGTGTAACGGTGGAATGTGTAGATATCGGGAAGAACACCAATGGCGAAGGCAGGTCTCTGGGCTGTTACTGACGCTGAGAAGCGAAAGCGTGGGGAG	1062601368	10626	1310	1	36	No	G2: Clades 1/2
GCAAGCGTTATCCGGAATTATTGGGCGTAAAGAGCTTGTAGGCGGTTCGTCGCGTCTGGTGTGAAAGCCCATCGCTTAACGGTGGGTTTGCGCCGGGTACGGGCGGGCTAGAGTGCAGTAGGGGAGACTGGAATTCCCGGTGTAACGGTGGAATGTGTAGATATCGGGAAGAACACCAATGGCGAAGGCAGGTCTCTGGGCTGTTACTGACGCTGAGAAGCGAAAGCGTGGGGAG	4006935358	40069	1265	0.012178684894579763	35	Yes	G3: indetereminant
GCAAGCGTTATCCGGAATTATTGGGCGTAAAGAGCTTGTAGGCGGTTCGTCGCGTCTGGTGTGAAAGCCCATCGCTTAACGGTGGGTTTGCGCCGGGTACGGGCGGGCTAGAGTGCAGTAGGGGAGACTGGAATTCCCGGTGTAACGGTGGAATGTGTAGATATCGGGAAGAACACCAATGGCGAAGGCAGGTCTCTGGGCTGTTACTGACGCTGAGAAGCGAAAGCGTGGGGAG	1062901318	10629	1210	0.02383578914191159	30	No	G3: indetereminant
GCAAGCGTTATCCGGAATTATTGGGCGTAAAGAGCTTGTAGGCGGTTCGTCGCGTCTGGTGTGAAAGCCCATCGCTTAACGGTGGGTTTGCGCCGGGTACGGGCGGGCTAGAGTGCAGTAGGGGAGACTGGAATTCTCGGTGTAACGGTGGAATGTGTAGATATCGGGAAGAACACCAATGGCGAAGGCAGGTCTCTGGGCTGTTACTGACGCTGAGAAGCGAAAGCGTGGGGAG	4003235288	40032	1140	0.06474697563469074	29	Yes	G2: Clades 1/2
GCAAGCGTTATCCGGAATTATTGGGCGTAAAGAGCTTGTAGGCGGTTCGTCGCGTCTGGTGTGAAAGCCCATCGCTTAACGGTGGGTTTGCGCCGGGTACGGGCGGGCTAGAGTGCAGTAGGGGAGACTGGAATTCTCGGTGTAACGGTGGAATGTGTAGATATCGGGAAGAACACCAATGGCGAAGGCAGGTCTCTGGGCTGTTACTGACGCTGAGAAGCGAAAGCGTGGGGAG	4004235208	40042	1138	0.07219895952290319	21	Yes	G2: Clades 1/2
GCAAGCGTTATCCGGAATTATTGGGCGTAAAGAGCTTGTAGGCGGTTCGTCGCGTCTGGTGTGAAAGCCCATCGCTTAACGGTGGGTCTGCGCCGGGTACGGGCGGGCTAGAGTGCAGTAGGGGAAACTGGAATTCTCGGTGTAACGGTGGAATGTGTAGATATCGGGAAGAACACCAATGGCGAAGGCAGGTTTCTGGGCTGTTACTGACGCTGAGAAGCGAAAGCGTGGGGAG	4004735368	40047	1133	0.0156437694166379	36	Yes	G5: Clade 6
GCAAGCGTTATCCGGAATTATTGGGCGTAAAGAGCTTGTAGGCGGTTCGTCGCGTCTGGTGTGAAAGCCCATCGCTTAACGGTGGGTTTGCGCCGGGTACGGGCGGGCTAGAGTGCAGTAGGGGAGACTGGAATTCCCGGTGTAACGGTGGAATGTGTAGATATCGGGAAGAACACCAATGGCGAAGGCAGGTCTCTGGGCTGTTACTGACGCTGAGAAGCGAAAGCGTGGGGAG	4009835178	40098	1095	0.07177503932878868	18	Yes	G3: indetereminant
GCAAGCGTTATCCGGAATTATTGGGCGTAAAGAGCTTGTAGGCGGTTCGTCGCGTCTGGTGTGAAAGCCCATCGCTTAACGGTGGGTCTGCGCCGGGTACGGGCGGGCTAGAGTGCAGTAGGGGAAACTGGAATTCTCGGTGTAACGGTGGAATGTGTAGATATCGGGAAGAACACCAATGGCGAAGGCAGGTTTCTGGGCTGTTACTGACGCTGAGAAGCGAAAGCGTGGGGAG	4006935208	40069	1067	0.08837902758220824	21	Yes	G5: Clade 6
GCAAGCGTTATCCGGAATTATTGGGCGTAAAGAGCTTGTAGGCGGTTCGTCGCGTCTGGTGTGAAAGCCCATCGCTTAACGGTGGGTTTGCGCCGGGTACGGGCGGGCTAGAGTGCAGTAGGGGAGACTGGAATTCCCGGTGTAACGGTGGAATGTGTAGATATCGGGAAGAACACCAATGGCGAAGGCAGGTCTCTGGGCTGTTACTGACGCTGAGAAGCGAAAGCGTGGGGAG	2050501348	20505	1057	0.046707909854175875	34	No	G3: indetereminant
GCAAGCGTTATCCGGAATTATTGGGCGTAAAGAGCTTGTAGGCGGTTCGTCGCGTCTGGTGTGAAAGCCCATCGCTTAACGGTGGGTTTGCGCCGGGTACGGGCGGGCTAGAGTGCAGTAGGGGAGACTGGAATTCTCGGTGTAACGGTGGAATGTGTAGATATCGGGAAGAACACCAATGGCGAAGGCAGGTCTCTGGGCTGTTACTGACGCTGAGAAGCGAAAGCGTGGGGAG	4006935208	40069	1006	0.08332643087882051	21	Yes	G2: Clades 1/2
GCAAGCGTTATCCGGAATTATTGGGCGTAAAGAGCTTGTAGGCGGTTCGTCGCGTCTGGTGTGAAAGCCCATCGCTTAACGGTGGGTTTGCGCCGGGTACGGGCGGGCTAGAGTGCAGTAGGGGAGACTGGAATTCTCGGTGTAACGGTGGAATGTGTAGATATCGGGAAGAACACCAATGGCGAAGGCAGGTCTCTGGGCTGTTACTGACGCTGAGAAGCGAAAGCGTGGGGAG	1061235188	10612	985	0.9471153846153846	19	Yes	G2: Clades 1/2
GCAAGCGTTATCCGGATTTATTGGGCGTAAAGAGCTTGTAGGCGGTTCGTCGCGTCTGGTGTGAAAGCCCATCGCTTAACGGTGGGTCTGCGCCGGGTACGGGCGGGCTAGAGTGCAGTAGGGGAAACTGGAATTCTCGGTGTAACGGTGGAATGTGTAGATATCGGGAAGAACACCAATGGCGAAGGCAGGTTTCTGGGCTGTTACTGACGCTGAGAAGCGAAAGCGTGGGGAG	1062901318	10629	984	0.01938381530218265	30	No	G4: Clade 5
GCAAGCGTTATCCGGAATTATTGGGCGTAAAGAGCTTGTAGGCGGTTCGTCGCGTCTGGTGTGAAAGCCCATCGCTTAACGGTGGGTTTGCGCCGGGTACGGGCGGGCTAGAGTGCAGTAGGGGAGACTGGAATTCCCGGTGTAACGGTGGAATGTGTAGATATCGGGAAGAACACCAATGGCGAAGGCAGGTCTCTGGGCTGTTACTGACGCTGAGAAGCGAAAGCGTGGGGAG	4009835228	40098	980	0.033539819980149904	23	Yes	G3: indetereminant
GCAAGCGTTATCCGGAATTATTGGGCGTAAAGAGCTTGTAGGCGGTTCGTCGCGTCTGGTGTGAAAGCCCATCGCTTAACGGTGGGTTTGCGCCGGGTACGGGCGGGCTAGAGTGCAGTAGGGGAGACTGGAATTCTCGGTGTAACGGTGGAATGTGTAGATATCGGGAAGAACACCAATGGCGAAGGCAGGTCTCTGGGCTGTTACTGACGCTGAGAAGCGAAAGCGTGGGGAG	4007135288	40071	971	0.31982872200263507	29	Yes	G2: Clades 1/2
GCAAGCGTTATCCGGAATTATTGGGCGTAAAGAGCTTGTAGGCGGTTCGTCGCGTCTGGTGTGAAAGCCCATCGCTTAACGGTGGGTCTGCGCCGGGTACGGGCGGGCTAGAGTGCAGTAGGGGAAACTGGAATTCTCGGTGTAACGGTGGAATGTGTAGATATCGGGAAGAACACCAATGGCGAAGGCAGGTTTCTGGGCTGTTACTGACGCTGAGAAGCGAAAGCGTGGGGAG	4009035168	40090	909	0.016000704101390602	17	Yes	G5: Clade 6
GCAAGCGTTATCCGGAATTATTGGGCGTAAAGAGCTTGTAGGCGGTTCGTCGCGTCTGGTGTGAAAGCCCATCGCTTAACGGTGGGTCTGCGCCGGGTACGGGCGGGCTAGAGTGCAGTAGGGGAAACTGGAATTCTCGGTGTAACGGTGGAATGTGTAGATATCGGGAAGAACACCAATGGCGAAGGCAGGTTTCTGGGCTGTTACTGACGCTGAGAAGCGAAAGCGTGGGGAG	1062735148	10627	896	0.012310059626851317	14	Yes	G5: Clade 6
GCAAGCGTTATCCGGAATTATTGGGCGTAAAGAGCTTGTAGGCGGTTCGTCGCGTCTGGTGTGAAAGCCCATCGCTTAACGGTGGGTCTGCGCCGGGTACGGGCGGGCTAGAGTGCAGTAGGGGAAACTGGAATTCTCGGTGTAACGGTGGAATGTGTAGATATCGGGAAGAACACCAATGGCGAAGGCAGGTTTCTGGGCTGTTACTGACGCTGAGAAGCGAAAGCGTGGGGAG	4006635278	40066	894	0.044641965444921605	28	Yes	G5: Clade 6
GCAAGCGTTATCCGGAATTATTGGGCGTAAAGAGCTTGTAGGCGGTTCGTCGCGTCTGGTGTGAAAGCCCATCGCTTAACGGTGGGTTTGCGCCGGGTACGGGCGGGCTAGAGTGCAGTAGGGGAGACTGGAATTCTCGGTGTAACGGTGGAATGTGTAGATATCGGGAAGAACACCAATGGCGAAGGCAGGTCTCTGGGCTGTTACTGACGCTGAGAAGCGAAAGCGTGGGGAG	4005935328	40059	838	0.15961904761904763	32	Yes	G2: Clades 1/2
GCAAGCGTTATCCGGATTTATTGGGCGTAAAGAGCTTGTAGGCGGTTCGTCGCGTCTGGTGTGAAAGCCCATCGCTTAACGGTGGGTCTGCGCCGGGTACGGGCGGGCTAGAGTGCAGTAGGGGAAACTGGAATTCTCGGTGTAACGGTGGAATGTGTAGATATCGGGAAGAACACCAATGGCGAAGGCAGGTTTCTGGGCTGTTACTGACGCTGAGAAGCGAAAGCGTGGGGAG	4007135118	40071	805	0.02362158514040905	12	Yes	G4: Clade 5
GCAAGCGTTATCCGGAATTATTGGGCGTAAAGAGCTTGTAGGCGGTTCGTCGCGTCTGGTGTGAAAGCCCATCGCTTAACGGTGGGTCTGCGCCGGGTACGGGCGGGCTAGAGTGCAGTAGGGGAGACTGGAATTCCCGGTGTAACGGTGGAATGTGTAGATATCGGGAAGAACACCAATGGCGAAGGCAGGTCTCTGGGCTGTTACTGACGCTGAGAAGCGAAAGCGTGGGGAG	4004235208	40042	797	0.05056464915619845	21	Yes	G1: Clades 3/4
GCAAGCGTTATCCGGATTTATTGGGCGTAAAGAGCTTGTAGGCGGTTCGTCGCGTCTGGTGTGAAAGCCCATCGCTTAACGGTGGGTCTGCGCCGGGTACGGGCGGGCTAGAGTGCAGTAGGGGAAACTGGAATTCTCGGTGTAACGGTGGAATGTGTAGATATCGGGAAGAACACCAATGGCGAAGGCAGGTTTCTGGGCTGTTACTGACGCTGAGAAGCGAAAGCGTGGGGAG	4006635278	40066	768	0.03835014481174473	28	Yes	G4: Clade 5
GCAAGCGTTATCCGGAATTATTGGGCGTAAAGAGCTTGTAGGCGGTTCGTCGCGTCTGGTGTGAAAGCCCATCGCTTAACGGTGGGTTTGCGCCGGGTACGGGCGGGCTAGAGTGCAGTAGGGGAGACTGGAATTCCCGGTGTAACGGTGGAATGTGTAGATATCGGGAAGAACACCAATGGCGAAGGCAGGTCTCTGGGCTGTTACTGACGCTGAGAAGCGAAAGCGTGGGGAG	4009035368	40090	756	0.027709562731371182	37	Yes	G3: indetereminant
GCAAGCGTTATCCGGAATTATTGGGCGTAAAGAGCTTGTAGGCGGTTCGTCGCGTCTGGTGTGAAAGCCCATCGCTTAACGGTGGGTCTGCGCCGGGTACGGGCGGGCTAGAGTGCAGTAGGGGAAACTGGAATTCTCGGTGTAACGGTGGAATGTGTAGATATCGGGAAGAACACCAATGGCGAAGGCAGGTTTCTGGGCTGTTACTGACGCTGAGAAGCGAAAGCGTGGGGAG	4004235248	40042	745	0.04501782585050456	25	Yes	G5: Clade 6
GCAAGCGTTATCCGGAATTATTGGGCGTAAAGAGCTTGTAGGCGGTTCGTCGCGTCTGGTGTGAAAGCCCATCGCTTAACGGTGGGTCTGCGCCGGGTACGGGCGGGCTAGAGTGCAGTAGGGGAAACTGGAATTCTCGGTGTAACGGTGGAATGTGTAGATATCGGGAAGAACACCAATGGCGAAGGCAGGTTTCTGGGCTGTTACTGACGCTGAGAAGCGAAAGCGTGGGGAG	4004235268	40042	721	0.06283772006275057	27	Yes	G5: Clade 6
GCAAGCGTTATCCGGATTTATTGGGCGTAAAGAGCTTGTAGGCGGTTCGTCGCGTCTGGTGTGAAAGCCCATCGCTTAACGGTGGGTCTGCGCCGGGTACGGGCGGGCTAGAGTGCAGTAGGGGAAACTGGAATTCTCGGTGTAACGGTGGAATGTGTAGATATCGGGAAGAACACCAATGGCGAAGGCAGGTTTCTGGGCTGTTACTGACGCTGAGAAGCGAAAGCGTGGGGAG	4004735328	40047	719	0.04308743333133577	33	Yes	G4: Clade 5
GCAAGCGTTATCCGGAATTATTGGGCGTAAAGAGCTTGTAGGCGGTTCGTCGCGTCTGGTGTGAAAGCCCATCGCTTAACGGTGGGTTTGCGCCGGGTACGGGCGGGCTAGAGTGCAGTAGGGGAGACTGGAATTCCCGGTGTAACGGTGGAATGTGTAGATATCGGGAAGAACACCAATGGCGAAGGCAGGTCTCTGGGCTGTTACTGACGCTGAGAAGCGAAAGCGTGGGGAG	1902401118	19024	711	0.02445315724308708	12	No	G3: indetereminant
GCAAGCGTTATCCGGAATTATTGGGCGTAAAGAGCTTGTAGGCGGTTCGTCGCGTCTGGTGTGAAAGCCCATCGCTTAACGGTGGGTCTGCGCCGGGTACGGGCGGGCTAGAGTGCAGTAGGGGAGACTGGAATTCCCGGTGTAACGGTGGAATGTGTAGATATCGGGAAGAACACCAATGGCGAAGGCAGGTCTCTGGGCTGTTACTGACGCTGAGAAGCGAAAGCGTGGGGAG	4007135288	40071	677	0.22299077733860342	29	Yes	G1: Clades 3/4
GCAAGCGTTATCCGGAATTATTGGGCGTAAAGAGCTTGTAGGCGGTTCGTCGCGTCTGGTGTGAAAGCCCATCGCTTAACGGTGGGTTTGCGCCGGGTACGGGCGGGCTAGAGTGCAGTAGGGGAGACTGGAATTCTCGGTGTAACGGTGGAATGTGTAGATATCGGGAAGAACACCAATGGCGAAGGCAGGTCTCTGGGCTGTTACTGACGCTGAGAAGCGAAAGCGTGGGGAG	4008435348	40084	649	0.22668529514495284	35	Yes	G2: Clades 1/2
GCAAGCGTTATCCGGAATTATTGGGCGTAAAGAGCTTGTAGGCGGTTCGTCGCGTCTGGTGTGAAAGCCCATCGCTTAACGGTGGGTTTGCGCCGGGTACGGGCGGGCTAGAGTGCAGTAGGGGAGACTGGAATTCCCGGTGTAACGGTGGAATGTGTAGATATCGGGAAGAACACCAATGGCGAAGGCAGGTCTCTGGGCTGTTACTGACGCTGAGAAGCGAAAGCGTGGGGAG	1902401208	19024	625	0.008536735279253685	21	No	G3: indetereminant
GCAAGCGTTATCCGGATTTATTGGGCGTAAAGAGCTTGTAGGCGGTTCGTCGCGTCTGGTGTGAAAGCCCATCGCTTAACGGTGGGTCTGCGCCGGGTACGGGCGGGCTAGAGTGCAGTAGGGGAAACTGGAATTCTCGGTGTAACGGTGGAATGTGTAGATATCGGGAAGAACACCAATGGCGAAGGCAGGTTTCTGGGCTGTTACTGACGCTGAGAAGCGAAAGCGTGGGGAG	4006635258	40066	621	0.01394722066254913	26	Yes	G4: Clade 5
GCAAGCGTTATCCGGATTTATTGGGCGTAAAGAGCTTGTAGGCGGTTCGTCGCGTCTGGTGTGAAAGCCCATCGCTTAACGGTGGGTCTGCGCCGGGTACGGGCGGGCTAGAGTGCAGTAGGGGAAACTGGAATTCTCGGTGTAACGGTGGAATGTGTAGATATCGGGAAGAACACCAATGGCGAAGGCAGGTTTCTGGGCTGTTACTGACGCTGAGAAGCGAAAGCGTGGGGAG	4007135288	40071	599	0.19729907773386035	29	Yes	G4: Clade 5
GCAAGCGTTATCCGGAATTATTGGGCGTAAAGAGCTTGTAGGCGGTTCGTCGCGTCTGGTGTGAAAGCCCATCGCTTAACGGTGGGTTTGCGCCGGGTACGGGCGGGCTAGAGTGCAGTAGGGGAGACTGGAATTCCCGGTGTAACGGTGGAATGTGTAGATATCGGGAAGAACACCAATGGCGAAGGCAGGTCTCTGGGCTGTTACTGACGCTGAGAAGCGAAAGCGTGGGGAG	4007135288	40071	593	0.1953227931488801	29	Yes	G3: indetereminant
GCAAGCGTTATCCGGAATTATTGGGCGTAAAGAGCTTGTAGGCGGTTCGTCGCGTCTGGTGTGAAAGCCCATCGCTTAACGGTGGGTCTGCGCCGGGTACGGGCGGGCTAGAGTGCAGTAGGGGAAACTGGAATTCTCGGTGTAACGGTGGAATGTGTAGATATCGGGAAGAACACCAATGGCGAAGGCAGGTTTCTGGGCTGTTACTGACGCTGAGAAGCGAAAGCGTGGGGAG	1062701128	10627	566	0.008615178544247922	12	No	G5: Clade 6
GCAAGCGTTATCCGGAATTATTGGGCGTAAAGAGCTTGTAGGCGGTTCGTCGCGTCTGGTGTGAAAGCCCATCGCTTAACGGTGGGTCTGCGCCGGGTACGGGCGGGCTAGAGTGCAGTAGGGGAAACTGGAATTCTCGGTGTAACGGTGGAATGTGTAGATATCGGGAAGAACACCAATGGCGAAGGCAGGTTTCTGGGCTGTTACTGACGCTGAGAAGCGAAAGCGTGGGGAG	4007135108	40071	483	0.017208821747960238	11	Yes	G5: Clade 6
GCAAGCGTTATCCGGAATTATTGGGCGTAAAGAGCTTGTAGGCGGTTCGTCGCGTCTGGTGTGAAAGCCCATCGCTTAACGGTGGGTTTGCGCCGGGTACGGGCGGGCTAGAGTGCAGTAGGGGAGACTGGAATTCCCGGTGTAACGGTGGAATGTGTAGATATCGGGAAGAACACCAATGGCGAAGGCAGGTCTCTGGGCTGTTACTGACGCTGAGAAGCGAAAGCGTGGGGAG	1061635088	10616	473	0.011148035541728534	9	Yes	G3: indetereminant
GCAAGCGTTATCCGGAATTATTGGGCGTAAAGAGCTTGTAGGCGGTTCGTCGCGTCTGGTGTGAAAGCCCATCGCTTAACGGTGGGTTTGCGCCGGGTACGGGCGGGCTAGAGTGCAGTAGGGGAGACTGGAATTCTCGGTGTAACGGTGGAATGTGTAGATATCGGGAAGAACACCAATGGCGAAGGCAGGTCTCTGGGCTGTTACTGACGCTGAGAAGCGAAAGCGTGGGGAG	4006935358	40069	466	0.004486377202272071	35	Yes	G2: Clades 1/2
GCAAGCGTTATCCGGATTTATTGGGCGTAAAGAGCTTGTAGGCGGTTCGTCGCGTCTGGTGTGAAAGCCCATCGCTTAACGGTGGGTCTGCGCCGGGTACGGGCGGGCTAGAGTGCAGTAGGGGAAACTGGAATTCTCGGTGTAACGGTGGAATGTGTAGATATCGGGAAGAACACCAATGGCGAAGGCAGGTTTCTGGGCTGTTACTGACGCTGAGAAGCGAAAGCGTGGGGAG	4004935338	40049	460	0.02240514344162486	33	Yes	G4: Clade 5
GCAAGCGTTATCCGGAATTATTGGGCGTAAAGAGCTTGTAGGCGGTTCGTCGCGTCTGGTGTGAAAGCCCATCGCTTAACGGTGGGTTTGCGCCGGGTACGGGCGGGCTAGAGTGCAGTAGGGGAGACTGGAATTCTCGGTGTAACGGTGGAATGTGTAGATATCGGGAAGAACACCAATGGCGAAGGCAGGTCTCTGGGCTGTTACTGACGCTGAGAAGCGAAAGCGTGGGGAG	4007435168	40074	455	0.06597071190372626	17	Yes	G2: Clades 1/2
GCAAGCGTTATCCGGAATTATTGGGCGTAAAGAGCTTGTAGGCGGTTCGTCGCGTCTGGTGTGAAAGCCCATCGCTTAACGGTGGGTTTGCGCCGGGTACGGGCGGGCTAGAGTGCAGTAGGGGAGACTGGAATTCTCGGTGTAACGGTGGAATGTGTAGATATCGGGAAGAACACCAATGGCGAAGGCAGGTCTCTGGGCTGTTACTGACGCTGAGAAGCGAAAGCGTGGGGAG	4009835268	40098	414	0.02266506076864119	27	Yes	G2: Clades 1/2
GCAAGCGTTATCCGGAATTATTGGGCGTAAAGAGCTTGTAGGCGGTTCGTCGCGTCTGGTGTGAAAGCCCATCGCTTAACGGTGGGTCTGCGCCGGGTACGGGCGGGCTAGAGTGCAGTAGGGGAAACTGGAATTCTCGGTGTAACGGTGGAATGTGTAGATATCGGGAAGAACACCAATGGCGAAGGCAGGTTTCTGGGCTGTTACTGACGCTGAGAAGCGAAAGCGTGGGGAG	1062901318	10629	402	0.007918997714916082	30	No	G5: Clade 6
GCAAGCGTTATCCGGAATTATTGGGCGTAAAGAGCTTGTAGGCGGTTCGTCGCGTCTGGTGTGAAAGCCCATCGCTTAACGGTGGGTTTGCGCCGGGTACGGGCGGGCTAGAGTGCAGTAGGGGAGACTGGAATTCTCGGTGTAACGGTGGAATGTGTAGATATCGGGAAGAACACCAATGGCGAAGGCAGGTCTCTGGGCTGTTACTGACGCTGAGAAGCGAAAGCGTGGGGAG	4006635338	40066	386	0.09585299230196176	33	Yes	G2: Clades 1/2
GCAAGCGTTATCCGGAATTATTGGGCGTAAAGAGCTTGTAGGCGGTTCGTCGCGTCTGGTGTGAAAGCCCATCGCTTAACGGTGGGTTTGCGCCGGGTACGGGCGGGCTAGAGTGCAGTAGGGGAGACTGGAATTCCCGGTGTAACGGTGGAATGTGTAGATATCGGGAAGAACACCAATGGCGAAGGCAGGTCTCTGGGCTGTTACTGACGCTGAGAAGCGAAAGCGTGGGGAG	4008435158	40084	382	0.006358718268830628	16	Yes	G3: indetereminant
GCAAGCGTTATCCGGAATTATTGGGCGTAAAGAGCTTGTAGGCGGTTCGTCGCGTCTGGTGTGAAAGCCCATCGCTTAACGGTGGGTTTGCGCCGGGTACGGGCGGGCTAGAGTGCAGTAGGGGAGACTGGAATTCCCGGTGTAACGGTGGAATGTGTAGATATCGGGAAGAACACCAATGGCGAAGGCAGGTCTCTGGGCTGTTACTGACGCTGAGAAGCGAAAGCGTGGGGAG	4006635338	40066	382	0.09485969704494661	33	Yes	G3: indetereminant
GCAAGCGTTATCCGGATTTATTGGGCGTAAAGAGCTTGTAGGCGGTTCGTCGCGTCTGGTGTGAAAGCCCATCGCTTAACGGTGGGTCTGCGCCGGGTACGGGCGGGCTAGAGTGCAGTAGGGGAAACTGGAATTCTCGGTGTAACGGTGGAATGTGTAGATATCGGGAAGAACACCAATGGCGAAGGCAGGTTTCTGGGCTGTTACTGACGCTGAGAAGCGAAAGCGTGGGGAG	4007135108	40071	382	0.013610289664018243	11	Yes	G4: Clade 5
GCAAGCGTTATCCGGAATTATTGGGCGTAAAGAGCTTGTAGGCGGTTCGTCGCGTCTGGTGTGAAAGCCCATCGCTTAACGGTGGGTTTGCGCCGGGTACGGGCGGGCTAGAGTGCAGTAGGGGAGACTGGAATTCCCGGTGTAACGGTGGAATGTGTAGATATCGGGAAGAACACCAATGGCGAAGGCAGGTCTCTGGGCTGTTACTGACGCTGAGAAGCGAAAGCGTGGGGAG	4007435168	40074	376	0.05451645643033203	17	Yes	G3: indetereminant
GCAAGCGTTATCCGGATTTATTGGGCGTAAAGAGCTTGTAGGCGGTTCGTCGCGTCTGGTGTGAAAGCCCATCGCTTAACGGTGGGTCTGCGCCGGGTACGGGCGGGCTAGAGTGCAGTAGGGGAAACTGGAATTCTCGGTGTAACGGTGGAATGTGTAGATATCGGGAAGAACACCAATGGCGAAGGCAGGTTTCTGGGCTGTTACTGACGCTGAGAAGCGAAAGCGTGGGGAG	4007435258	40074	357	0.00815944049550888	28	Yes	G4: Clade 5
GCAAGCGTTATCCGGAATTATTGGGCGTAAAGAGCTTGTAGGCGGTTCGTCGCGTCTGGTGTGAAAGCCCATCGCTTAACGGTGGGTTTGCGCCGGGTACGGGCGGGCTAGAGTGCAGTAGGGGAGACTGGAATTCTCGGTGTAACGGTGGAATGTGTAGATATCGGGAAGAACACCAATGGCGAAGGCAGGTCTCTGGGCTGTTACTGACGCTGAGAAGCGAAAGCGTGGGGAG	4004935268	40049	356	0.02433356117566644	27	Yes	G2: Clades 1/2
GCAAGCGTTATCCGGAATTATTGGGCGTAAAGAGCTTGTAGGCGGTTCGTCGCGTCTGGTGTGAAAGCCCATCGCTTAACGGTGGGTCTGCGCCGGGTACGGGCGGGCTAGAGTGCAGTAGGGGAGACTGGAATTCCCGGTGTAACGGTGGAATGTGTAGATATCGGGAAGAACACCAATGGCGAAGGCAGGTCTCTGGGCTGTTACTGACGCTGAGAAGCGAAAGCGTGGGGAG	1050801308	10508	341	0.7985948477751756	30	No	G1: Clades 3/4
GCAAGCGTTATCCGGAATTATTGGGCGTAAAGAGCTTGTAGGCGGTTCGTCGCGTCTGGTGTGAAAGCCCATCGCTTAACGGTGGGTTTGCGCCGGGTACGGGCGGGCTAGAGTGCAGTAGGGGAGACTGGAATTCTCGGTGTAACGGTGGAATGTGTAGATATCGGGAAGAACACCAATGGCGAAGGCAGGTCTCTGGGCTGTTACTGACGCTGAGAAGCGAAAGCGTGGGGAG	4004235268	40042	309	0.02693045145546453	27	Yes	G2: Clades 1/2
GCAAGCGTTATCCGGAATTATTGGGCGTAAAGAGCTTGTAGGCGGTTCGTCGCGTCTGGTGTGAAAGCCCATCGCTTAACGGTGGGTTTGCGCCGGGTACGGGCGGGCTAGAGTGCAGTAGGGGAGACTGGAATTCCCGGTGTAACGGTGGAATGTGTAGATATCGGGAAGAACACCAATGGCGAAGGCAGGTCTCTGGGCTGTTACTGACGCTGAGAAGCGAAAGCGTGGGGAG	4009835268	40098	289	0.015821745319172232	27	Yes	G3: indetereminant
GCAAGCGTTATCCGGAATTATTGGGCGTAAAGAGCTTGTAGGCGGTTCGTCGCGTCTGGTGTGAAAGCCCATCGCTTAACGGTGGGTCTGCGCCGGGTACGGGCGGGCTAGAGTGCAGTAGGGGAAACTGGAATTCTCGGTGTAACGGTGGAATGTGTAGATATCGGGAAGAACACCAATGGCGAAGGCAGGTTTCTGGGCTGTTACTGACGCTGAGAAGCGAAAGCGTGGGGAG	4007435258	40074	275	0.006285283294859781	28	Yes	G5: Clade 6
GCAAGCGTTATCCGGAATTATTGGGCGTAAAGAGCTTGTAGGCGGTTCGTCGCGTCTGGTGTGAAAGCCCATCGCTTAACGGTGGGTCTGCGCCGGGTACGGGCGGGCTAGAGTGCAGTAGGGGAAACTGGAATTCTCGGTGTAACGGTGGAATGTGTAGATATCGGGAAGAACACCAATGGCGAAGGCAGGTTTCTGGGCTGTTACTGACGCTGAGAAGCGAAAGCGTGGGGAG	4004935338	40049	253	0.012322828892893673	33	Yes	G5: Clade 6
GCAAGCGTTATCCGGAATTATTGGGCGTAAAGAGCTTGTAGGCGGTTCGTCGCGTCTGGTGTGAAAGCCCATCGCTTAACGGTGGGTCTGCGCCGGGTACGGGCGGGCTAGAGTGCAGTAGGGGAAACTGGAATTCTCGGTGTAACGGTGGAATGTGTAGATATCGGGAAGAACACCAATGGCGAAGGCAGGTTTCTGGGCTGTTACTGACGCTGAGAAGCGAAAGCGTGGGGAG	4004235208	40042	242	0.015353381550564649	21	Yes	G5: Clade 6
GCAAGCGTTATCCGGATTTATTGGGCGTAAAGAGCTTGTAGGCGGTTCGTCGCGTCTGGTGTGAAAGCCCATCGCTTAACGGTGGGTCTGCGCCGGGTACGGGCGGGCTAGAGTGCAGTAGGGGAAACTGGAATTCTCGGTGTAACGGTGGAATGTGTAGATATCGGGAAGAACACCAATGGCGAAGGCAGGTTTCTGGGCTGTTACTGACGCTGAGAAGCGAAAGCGTGGGGAG	4009835228	40098	241	0.008248057770628701	23	Yes	G4: Clade 5
GCAAGCGTTATCCGGATTTATTGGGCGTAAAGAGCTTGTAGGCGGTTCGTCGCGTCTGGTGTGAAAGCCCATCGCTTAACGGTGGGTCTGCGCCGGGTACGGGCGGGCTAGAGTGCAGTAGGGGAAACTGGAATTCTCGGTGTAACGGTGGAATGTGTAGATATCGGGAAGAACACCAATGGCGAAGGCAGGTTTCTGGGCTGTTACTGACGCTGAGAAGCGAAAGCGTGGGGAG	4006635198	40066	238	0.00563820714488771	20	Yes	G4: Clade 5
GCAAGCGTTATCCGGATTTATTGGGCGTAAAGAGCTTGTAGGCGGTTCGTCGCGTCTGGTGTGAAAGCCCATCGCTTAACGGTGGGTCTGCGCCGGGTACGGGCGGGCTAGAGTGCAGTAGGGGAAACTGGAATTCTCGGTGTAACGGTGGAATGTGTAGATATCGGGAAGAACACCAATGGCGAAGGCAGGTTTCTGGGCTGTTACTGACGCTGAGAAGCGAAAGCGTGGGGAG	4006935208	40069	220	0.018222479913857368	21	Yes	G4: Clade 5
GCAAGCGTTATCCGGAATTATTGGGCGTAAAGAGCTTGTAGGCGGTTCGTCGCGTCTGGTGTGAAAGCCCATCGCTTAACGGTGGGTTTGCGCCGGGTACGGGCGGGCTAGAGTGCAGTAGGGGAGACTGGAATTCTCGGTGTAACGGTGGAATGTGTAGATATCGGGAAGAACACCAATGGCGAAGGCAGGTCTCTGGGCTGTTACTGACGCTGAGAAGCGAAAGCGTGGGGAG	4006935248	40069	219	0.008962186937305616	25	Yes	G2: Clades 1/2
GCAAGCGTTATCCGGAATTATTGGGCGTAAAGAGCTTGTAGGCGGTTCGTCGCGTCTGGTGTGAAAGCCCATCGCTTAACGGTGGGTCTGCGCCGGGTACGGGCGGGCTAGAGTGCAGTAGGGGAAACTGGAATTCTCGGTGTAACGGTGGAATGTGTAGATATCGGGAAGAACACCAATGGCGAAGGCAGGTTTCTGGGCTGTTACTGACGCTGAGAAGCGAAAGCGTGGGGAG	4006935358	40069	213	0.002050640223356118	35	Yes	G5: Clade 6
GCAAGCGTTATCCGGAATTATTGGGCGTAAAGAGCTTGTAGGCGGTTCGTCGCGTCTGGTGTGAAAGCCCATCGCTTAACGGTGGGTTTGCGCCGGGTACGGGCGGGCTAGAGTGCAGTAGGGGAGACTGGAATTCTCGGTGTAACGGTGGAATGTGTAGATATCGGGAAGAACACCAATGGCGAAGGCAGGTCTCTGGGCTGTTACTGACGCTGAGAAGCGAAAGCGTGGGGAG	4009835178	40098	210	0.013765076035658103	18	Yes	G2: Clades 1/2
GCAAGCGTTATCCGGAATTATTGGGCGTAAAGAGCTTGTAGGCGGTTCGTCGCGTCTGGTGTGAAAGCCCATCGCTTAACGGTGGGTCTGCGCCGGGTACGGGCGGGCTAGAGTGCAGTAGGGGAAACTGGAATTCTCGGTGTAACGGTGGAATGTGTAGATATCGGGAAGAACACCAATGGCGAAGGCAGGTTTCTGGGCTGTTACTGACGCTGAGAAGCGAAAGCGTGGGGAG	4007135288	40071	196	0.06455862977602109	29	Yes	G5: Clade 6
GCAAGCGTTATCCGGATTTATTGGGCGTAAAGAGCTTGTAGGCGGTTCGTCGCGTCTGGTGTGAAAGCCCATCGCTTAACGGTGGGTCTGCGCCGGGTACGGGCGGGCTAGAGTGCAGTAGGGGAAACTGGAATTCTCGGTGTAACGGTGGAATGTGTAGATATCGGGAAGAACACCAATGGCGAAGGCAGGTTTCTGGGCTGTTACTGACGCTGAGAAGCGAAAGCGTGGGGAG	4007435248	40074	189	0.004327616605225197	25	Yes	G4: Clade 5
GCAAGCGTTATCCGGAATTATTGGGCGTAAAGAGCTTGTAGGCGGTTCGTCGCGTCTGGTGTGAAAGCCCATCGCTTAACGGTGGGTCTGCGCCGGGTACGGGCGGGCTAGAGTGCAGTAGGGGAAACTGGAATTCTCGGTGTAACGGTGGAATGTGTAGATATCGGGAAGAACACCAATGGCGAAGGCAGGTTTCTGGGCTGTTACTGACGCTGAGAAGCGAAAGCGTGGGGAG	4007135148	40071	171	0.006345318935767561	15	Yes	G5: Clade 6
GCAAGCGTTATCCGGATTTATTGGGCGTAAAGAGCTTGTAGGCGGTTCGTCGCGTCTGGTGTGAAAGCCCATCGCTTAACGGTGGGTCTGCGCCGGGTACGGGCGGGCTAGAGTGCAGTAGGGGAAACTGGAATTCTCGGTGTAACGGTGGAATGTGTAGATATCGGGAAGAACACCAATGGCGAAGGCAGGTTTCTGGGCTGTTACTGACGCTGAGAAGCGAAAGCGTGGGGAG	1062901218	10629	168	0.0021449911902147543	22	No	G4: Clade 5
GCAAGCGTTATCCGGAATTATTGGGCGTAAAGAGCTTGTAGGCGGTTCGTCGCGTCTGGTGTGAAAGCCCATCGCTTAACGGTGGGTCTGCGCCGGGTACGGGCGGGCTAGAGTGCAGTAGGGGAAACTGGAATTCTCGGTGTAACGGTGGAATGTGTAGATATCGGGAAGAACACCAATGGCGAAGGCAGGTTTCTGGGCTGTTACTGACGCTGAGAAGCGAAAGCGTGGGGAG	4007435248	40074	138	0.003159847045085064	25	Yes	G5: Clade 6
GCAAGCGTTATCCGGATTTATTGGGCGTAAAGAGCTTGTAGGCGGTTCGTCGCGTCTGGTGTGAAAGCCCATCGCTTAACGGTGGGTCTGCGCCGGGTACGGGCGGGCTAGAGTGCAGTAGGGGAAACTGGAATTCTCGGTGTAACGGTGGAATGTGTAGATATCGGGAAGAACACCAATGGCGAAGGCAGGTTTCTGGGCTGTTACTGACGCTGAGAAGCGAAAGCGTGGGGAG	4004235248	40042	133	0.008036739380022962	25	Yes	G4: Clade 5
GCAAGCGTTATCCGGAATTATTGGGCGTAAAGAGCTTGTAGGCGGTTCGTCGCGTCTGGTGTGAAAGCCCATCGCTTAACGGTGGGTCTGCGCCGGGTACGGGCGGGCTAGAGTGCAGTAGGGGAAACTGGAATTCTCGGTGTAACGGTGGAATGTGTAGATATCGGGAAGAACACCAATGGCGAAGGCAGGTTTCTGGGCTGTTACTGACGCTGAGAAGCGAAAGCGTGGGGAG	4004735328	40047	132	0.007910349373764008	33	Yes	G5: Clade 6
GCAAGCGTTATCCGGATTTATTGGGCGTAAAGAGCTTGTAGGCGGTTCGTCGCGTCTGGTGTGAAAGCCCATCGCTTAACGGTGGGTCTGCGCCGGGTACGGGCGGGCTAGAGTGCAGTAGGGGAAACTGGAATTCTCGGTGTAACGGTGGAATGTGTAGATATCGGGAAGAACACCAATGGCGAAGGCAGGTTTCTGGGCTGTTACTGACGCTGAGAAGCGAAAGCGTGGGGAG	1062901138	10629	117	0.0018820879916351646	13	No	G4: Clade 5
GCAAGCGTTATCCGGATTTATTGGGCGTAAAGAGCTTGTAGGCGGTTCGTCGCGTCTGGTGTGAAAGCCCATCGCTTAACGGTGGGTCTGCGCCGGGTACGGGCGGGCTAGAGTGCAGTAGGGGAAACTGGAATTCTCGGTGTAACGGTGGAATGTGTAGATATCGGGAAGAACACCAATGGCGAAGGCAGGTTTCTGGGCTGTTACTGACGCTGAGAAGCGAAAGCGTGGGGAG	4006935358	40069	99	9.531144700105901e-4	35	Yes	G4: Clade 5
GCAAGCGTTATCCGGAATTATTGGGCGTAAAGAGCTTGTAGGCGGTTCGTCGCGTCTGGTGTGAAAGCCCATCGCTTAACGGTGGGTCTGCGCCGGGTACGGGCGGGCTAGAGTGCAGTAGGGGAAACTGGAATTCTCGGTGTAACGGTGGAATGTGTAGATATCGGGAAGAACACCAATGGCGAAGGCAGGTTTCTGGGCTGTTACTGACGCTGAGAAGCGAAAGCGTGGGGAG	4007435168	40074	97	0.014064085834420762	17	Yes	G5: Clade 6
GCAAGCGTTATCCGGAATTATTGGGCGTAAAGAGCTTGTAGGCGGTTCGTCGCGTCTGGTGTGAAAGCCCATCGCTTAACGGTGGGTTTGCGCCGGGTACGGGCGGGCTAGAGTGCAGTAGGGGAGACTGGAATTCCCGGTGTAACGGTGGAATGTGTAGATATCGGGAAGAACACCAATGGCGAAGGCAGGTCTCTGGGCTGTTACTGACGCTGAGAAGCGAAAGCGTGGGGAG	1050801308	10508	86	0.20140515222482436	30	No	G3: indetereminant
GCAAGCGTTATCCGGAATTATTGGGCGTAAAGAGCTTGTAGGCGGTTCGTCGCGTCTGGTGTGAAAGCCCATCGCTTAACGGTGGGTTTGCGCCGGGTACGGGCGGGCTAGAGTGCAGTAGGGGAGACTGGAATTCCCGGTGTAACGGTGGAATGTGTAGATATCGGGAAGAACACCAATGGCGAAGGCAGGTCTCTGGGCTGTTACTGACGCTGAGAAGCGAAAGCGTGGGGAG	4005935328	40059	84	0.016	32	Yes	G3: indetereminant
GCAAGCGTTATCCGGATTTATTGGGCGTAAAGAGCTTGTAGGCGGTTCGTCGCGTCTGGTGTGAAAGCCCATCGCTTAACGGTGGGTCTGCGCCGGGTACGGGCGGGCTAGAGTGCAGTAGGGGAAACTGGAATTCTCGGTGTAACGGTGGAATGTGTAGATATCGGGAAGAACACCAATGGCGAAGGCAGGTTTCTGGGCTGTTACTGACGCTGAGAAGCGAAAGCGTGGGGAG	4007135148	40071	81	0.0030056773906267393	15	Yes	G4: Clade 5
GCAAGCGTTATCCGGAATTATTGGGCGTAAAGAGCTTGTAGGCGGTTCGTCGCGTCTGGTGTGAAAGCCCATCGCTTAACGGTGGGTCTGCGCCGGGTACGGGCGGGCTAGAGTGCAGTAGGGGAAACTGGAATTCTCGGTGTAACGGTGGAATGTGTAGATATCGGGAAGAACACCAATGGCGAAGGCAGGTTTCTGGGCTGTTACTGACGCTGAGAAGCGAAAGCGTGGGGAG	4006635338	40066	75	0.018624286069034022	33	Yes	G5: Clade 6
GCAAGCGTTATCCGGAATTATTGGGCGTAAAGAGCTTGTAGGCGGTTCGTCGCGTCTGGTGTGAAAGCCCATCGCTTAACGGTGGGTCTGCGCCGGGTACGGGCGGGCTAGAGTGCAGTAGGGGAGACTGGAATTCCCGGTGTAACGGTGGAATGTGTAGATATCGGGAAGAACACCAATGGCGAAGGCAGGTCTCTGGGCTGTTACTGACGCTGAGAAGCGAAAGCGTGGGGAG	1060801198	10608	67	0.7127659574468085	20	No	G1: Clades 3/4
GCAAGCGTTATCCGGATTTATTGGGCGTAAAGAGCTTGTAGGCGGTTCGTCGCGTCTGGTGTGAAAGCCCATCGCTTAACGGTGGGTCTGCGCCGGGTACGGGCGGGCTAGAGTGCAGTAGGGGAAACTGGAATTCTCGGTGTAACGGTGGAATGTGTAGATATCGGGAAGAACACCAATGGCGAAGGCAGGTTTCTGGGCTGTTACTGACGCTGAGAAGCGAAAGCGTGGGGAG	4006635338	40066	62	0.01539607648373479	33	Yes	G4: Clade 5
GCAAGCGTTATCCGGAATTATTGGGCGTAAAGAGCTTGTAGGCGGTTCGTCGCGTCTGGTGTGAAAGCCCATCGCTTAACGGTGGGTTTGCGCCGGGTACGGGCGGGCTAGAGTGCAGTAGGGGAGACTGGAATTCCCGGTGTAACGGTGGAATGTGTAGATATCGGGAAGAACACCAATGGCGAAGGCAGGTCTCTGGGCTGTTACTGACGCTGAGAAGCGAAAGCGTGGGGAG	4008435348	40084	60	0.020957038071952497	35	Yes	G3: indetereminant
GCAAGCGTTATCCGGATTTATTGGGCGTAAAGAGCTTGTAGGCGGTTCGTCGCGTCTGGTGTGAAAGCCCATCGCTTAACGGTGGGTCTGCGCCGGGTACGGGCGGGCTAGAGTGCAGTAGGGGAAACTGGAATTCTCGGTGTAACGGTGGAATGTGTAGATATCGGGAAGAACACCAATGGCGAAGGCAGGTTTCTGGGCTGTTACTGACGCTGAGAAGCGAAAGCGTGGGGAG	4007435168	40074	57	0.008264462809917356	17	Yes	G4: Clade 5
GCAAGCGTTATCCGGAATTATTGGGCGTAAAGAGCTTGTAGGCGGTTCGTCGCGTCTGGTGTGAAAGCCCATCGCTTAACGGTGGGTCTGCGCCGGGTACGGGCGGGCTAGAGTGCAGTAGGGGAGACTGGAATTCCCGGTGTAACGGTGGAATGTGTAGATATCGGGAAGAACACCAATGGCGAAGGCAGGTCTCTGGGCTGTTACTGACGCTGAGAAGCGAAAGCGTGGGGAG	1062335178	10623	56	1	17	Yes	G1: Clades 3/4
GCAAGCGTTATCCGGAATTATTGGGCGTAAAGAGCTTGTAGGCGGTTCGTCGCGTCTGGTGTGAAAGCCCATCGCTTAACGGTGGGTCTGCGCCGGGTACGGGCGGGCTAGAGTGCAGTAGGGGAGACTGGAATTCCCGGTGTAACGGTGGAATGTGTAGATATCGGGAAGAACACCAATGGCGAAGGCAGGTCTCTGGGCTGTTACTGACGCTGAGAAGCGAAAGCGTGGGGAG	1061235188	10612	55	0.052884615384615384	19	Yes	G1: Clades 3/4
GCAAGCGTTATCCGGAATTATTGGGCGTAAAGAGCTTGTAGGCGGTTCGTCGCGTCTGGTGTGAAAGCCCATCGCTTAACGGTGGGTCTGCGCCGGGTACGGGCGGGCTAGAGTGCAGTAGGGGAGACTGGAATTCCCGGTGTAACGGTGGAATGTGTAGATATCGGGAAGAACACCAATGGCGAAGGCAGGTCTCTGGGCTGTTACTGACGCTGAGAAGCGAAAGCGTGGGGAG	4005935358	40059	54	0.6506024096385542	36	Yes	G1: Clades 3/4
GCAAGCGTTATCCGGAATTATTGGGCGTAAAGAGCTTGTAGGCGGTTCGTCGCGTCTGGTGTGAAAGCCCATCGCTTAACGGTGGGTCTGCGCCGGGTACGGGCGGGCTAGAGTGCAGTAGGGGAAACTGGAATTCTCGGTGTAACGGTGGAATGTGTAGATATCGGGAAGAACACCAATGGCGAAGGCAGGTTTCTGGGCTGTTACTGACGCTGAGAAGCGAAAGCGTGGGGAG	4006935248	40069	49	0.002005238173187101	25	Yes	G5: Clade 6
GCAAGCGTTATCCGGAATTATTGGGCGTAAAGAGCTTGTAGGCGGTTCGTCGCGTCTGGTGTGAAAGCCCATCGCTTAACGGTGGGTTTGCGCCGGGTACGGGCGGGCTAGAGTGCAGTAGGGGAGACTGGAATTCTCGGTGTAACGGTGGAATGTGTAGATATCGGGAAGAACACCAATGGCGAAGGCAGGTCTCTGGGCTGTTACTGACGCTGAGAAGCGAAAGCGTGGGGAG	1061235278	10612	45	1	28	Yes	G2: Clades 1/2
GCAAGCGTTATCCGGAATTATTGGGCGTAAAGAGCTTGTAGGCGGTTCGTCGCGTCTGGTGTGAAAGCCCATCGCTTAACGGTGGGTCTGCGCCGGGTACGGGCGGGCTAGAGTGCAGTAGGGGAGACTGGAATTCCCGGTGTAACGGTGGAATGTGTAGATATCGGGAAGAACACCAATGGCGAAGGCAGGTCTCTGGGCTGTTACTGACGCTGAGAAGCGAAAGCGTGGGGAG	4007535238	40075	40	1	33	Yes	G1: Clades 3/4
GCAAGCGTTATCCGGAATTATTGGGCGTAAAGAGCTTGTAGGCGGTTCGTCGCGTCTGGTGTGAAAGCCCATCGCTTAACGGTGGGTTTGCGCCGGGTACGGGCGGGCTAGAGTGCAGTAGGGGAGACTGGAATTCTCGGTGTAACGGTGGAATGTGTAGATATCGGGAAGAACACCAATGGCGAAGGCAGGTCTCTGGGCTGTTACTGACGCTGAGAAGCGAAAGCGTGGGGAG	1060835148	10608	36	1	15	Yes	G2: Clades 1/2
GCAAGCGTTATCCGGAATTATTGGGCGTAAAGAGCTTGTAGGCGGTTCGTCGCGTCTGGTGTGAAAGCCCATCGCTTAACGGTGGGTCTGCGCCGGGTACGGGCGGGCTAGAGTGCAGTAGGGGAGACTGGAATTCCCGGTGTAACGGTGGAATGTGTAGATATCGGGAAGAACACCAATGGCGAAGGCAGGTCTCTGGGCTGTTACTGACGCTGAGAAGCGAAAGCGTGGGGAG	4008435358	40084	34	1	36	Yes	G1: Clades 3/4
GCAAGCGTTATCCGGAATTATTGGGCGTAAAGAGCTTGTAGGCGGTTCGTCGCGTCTGGTGTGAAAGCCCATCGCTTAACGGTGGGTTTGCGCCGGGTACGGGCGGGCTAGAGTGCAGTAGGGGAGACTGGAATTCTCGGTGTAACGGTGGAATGTGTAGATATCGGGAAGAACACCAATGGCGAAGGCAGGTCTCTGGGCTGTTACTGACGCTGAGAAGCGAAAGCGTGGGGAG	1050801318	10508	32	1	31	No	G2: Clades 1/2
GCAAGCGTTATCCGGAATTATTGGGCGTAAAGAGCTTGTAGGCGGTTCGTCGCGTCTGGTGTGAAAGCCCATCGCTTAACGGTGGGTTTGCGCCGGGTACGGGCGGGCTAGAGTGCAGTAGGGGAGACTGGAATTCTCGGTGTAACGGTGGAATGTGTAGATATCGGGAAGAACACCAATGGCGAAGGCAGGTCTCTGGGCTGTTACTGACGCTGAGAAGCGAAAGCGTGGGGAG	4005935358	40059	29	0.3493975903614458	36	Yes	G2: Clades 1/2
GCAAGCGTTATCCGGATTTATTGGGCGTAAAGAGCTTGTAGGCGGTTCGTCGCGTCTGGTGTGAAAGCCCATCGCTTAACGGTGGGTCTGCGCCGGGTACGGGCGGGCTAGAGTGCAGTAGGGGAAACTGGAATTCTCGGTGTAACGGTGGAATGTGTAGATATCGGGAAGAACACCAATGGCGAAGGCAGGTTTCTGGGCTGTTACTGACGCTGAGAAGCGAAAGCGTGGGGAG	1060801198	10608	27	0.2872340425531915	20	No	G4: Clade 5
GCAAGCGTTATCCGGAATTATTGGGCGTAAAGAGCTTGTAGGCGGTTCGTCGCGTCTGGTGTGAAAGCCCATCGCTTAACGGTGGGTTTGCGCCGGGTACGGGCGGGCTAGAGTGCAGTAGGGGAGACTGGAATTCCCGGTGTAACGGTGGAATGTGTAGATATCGGGAAGAACACCAATGGCGAAGGCAGGTCTCTGGGCTGTTACTGACGCTGAGAAGCGAAAGCGTGGGGAG	1050835178	10508	22	1	17	Yes	G3: indetereminant
GCAAGCGTTATCCGGAATTATTGGGCGTAAAGAGCTTGTAGGCGGTTCGTCGCGTCTGGTGTGAAAGCCCATCGCTTAACGGTGGGTCTGCGCCGGGTACGGGCGGGCTAGAGTGCAGTAGGGGAGACTGGAATTCCCGGTGTAACGGTGGAATGTGTAGATATCGGGAAGAACACCAATGGCGAAGGCAGGTCTCTGGGCTGTTACTGACGCTGAGAAGCGAAAGCGTGGGGAG	1060801338	10608	21	1	34	No	G1: Clades 3/4
GCAAGCGTTATCCGGAATTATTGGGCGTAAAGAGCTTGTAGGCGGTTCGTCGCGTCTGGTGTGAAAGCCCATCGCTTAACGGTGGGTCTGCGCCGGGTACGGGCGGGCTAGAGTGCAGTAGGGGAGACTGGAATTCCCGGTGTAACGGTGGAATGTGTAGATATCGGGAAGAACACCAATGGCGAAGGCAGGTCTCTGGGCTGTTACTGACGCTGAGAAGCGAAAGCGTGGGGAG	1050835218	10508	8	1	21	Yes	G1: Clades 3/4
